CREATE DATABASE  IF NOT EXISTS `daisl07_dsiproyecto03` /*!40100 DEFAULT CHARACTER SET utf8mb4 COLLATE utf8mb4_0900_ai_ci */ /*!80016 DEFAULT ENCRYPTION='N' */;
USE `daisl07_dsiproyecto03`;
-- MySQL dump 10.13  Distrib 8.0.33, for Win64 (x86_64)
--
-- Host: www.dais-l-07.com    Database: daisl07_dsiproyecto03
-- ------------------------------------------------------
-- Server version	8.0.33

/*!40101 SET @OLD_CHARACTER_SET_CLIENT=@@CHARACTER_SET_CLIENT */;
/*!40101 SET @OLD_CHARACTER_SET_RESULTS=@@CHARACTER_SET_RESULTS */;
/*!40101 SET @OLD_COLLATION_CONNECTION=@@COLLATION_CONNECTION */;
/*!50503 SET NAMES utf8 */;
/*!40103 SET @OLD_TIME_ZONE=@@TIME_ZONE */;
/*!40103 SET TIME_ZONE='+00:00' */;
/*!40014 SET @OLD_UNIQUE_CHECKS=@@UNIQUE_CHECKS, UNIQUE_CHECKS=0 */;
/*!40014 SET @OLD_FOREIGN_KEY_CHECKS=@@FOREIGN_KEY_CHECKS, FOREIGN_KEY_CHECKS=0 */;
/*!40101 SET @OLD_SQL_MODE=@@SQL_MODE, SQL_MODE='NO_AUTO_VALUE_ON_ZERO' */;
/*!40111 SET @OLD_SQL_NOTES=@@SQL_NOTES, SQL_NOTES=0 */;

--
-- Table structure for table `Boleta`
--

DROP TABLE IF EXISTS `Boleta`;
/*!40101 SET @saved_cs_client     = @@character_set_client */;
/*!50503 SET character_set_client = utf8mb4 */;
CREATE TABLE `Boleta` (
  `IdBoleta` varchar(11) NOT NULL,
  `IdPedido` varchar(11) DEFAULT NULL,
  `Estado` varchar(20) DEFAULT NULL,
  `FechaHora` datetime DEFAULT NULL,
  PRIMARY KEY (`IdBoleta`),
  KEY `IdPedido` (`IdPedido`),
  CONSTRAINT `Boleta_ibfk_1` FOREIGN KEY (`IdPedido`) REFERENCES `Pedido` (`IdPedido`) ON DELETE CASCADE
) ENGINE=InnoDB DEFAULT CHARSET=utf8mb4 COLLATE=utf8mb4_0900_ai_ci;
/*!40101 SET character_set_client = @saved_cs_client */;

--
-- Dumping data for table `Boleta`
--

LOCK TABLES `Boleta` WRITE;
/*!40000 ALTER TABLE `Boleta` DISABLE KEYS */;
INSERT INTO `Boleta` VALUES ('B0000000001','P0000000001','PAGADO','2023-06-14 17:14:58'),('B0000000002','P0000000002','PAGADO','2023-06-14 17:14:58'),('B0000000003','P0000000003','PAGADO','2023-06-14 17:14:58'),('B0000000004','P0000000004','PAGADO','2023-06-14 17:14:58'),('B0000000005','P0000000005','PAGADO','2023-06-14 17:14:58'),('B0000000006','P0000000006','PAGADO','2023-06-14 17:14:58'),('B0000000007','P0000000007','PAGADO','2023-06-14 17:14:59'),('B0000000008','P0000000008','PAGADO','2023-06-14 17:14:59'),('B0000000009','P0000000009','PAGADO','2023-06-14 17:14:59'),('B000000001','P0000000001','NO PAGADO','2023-06-14 17:04:37'),('B0000000010','P0000000010','PAGADO','2023-06-14 17:15:00'),('B0000000011','P0000000011','PAGADO','2023-06-14 17:15:00'),('B0000000012','P0000000012','PAGADO','2023-06-14 17:15:00'),('B0000000013','P0000000013','PAGADO','2023-06-14 17:15:00'),('B0000000014','P0000000014','PAGADO','2023-06-14 17:15:01'),('B0000000015','P0000000015','PAGADO','2023-06-14 17:15:01'),('B0000000016','P0000000016','PAGADO','2023-06-14 17:15:01'),('B0000000017','P0000000017','PAGADO','2023-06-14 17:15:01'),('B0000000018','P0000000018','PAGADO','2023-06-14 17:15:01'),('B0000000019','P0000000019','PAGADO','2023-06-14 17:15:01'),('B0000000020','P0000000020','PAGADO','2023-06-14 17:15:02'),('B0000000021','P0000000021','PAGADO','2023-06-14 17:15:02'),('B0000000022','P0000000022','PAGADO','2023-06-14 17:15:02'),('B0000000023','P0000000023','PAGADO','2023-06-14 17:15:02'),('B0000000024','P0000000024','PAGADO','2023-06-14 17:15:03'),('B0000000025','P0000000025','PAGADO','2023-06-14 17:15:03'),('B0000000026','P0000000026','PAGADO','2023-06-14 17:15:03'),('B0000000027','P0000000027','PAGADO','2023-06-14 17:15:03'),('B0000000028','P0000000028','PAGADO','2023-06-14 17:15:03'),('B0000000029','P0000000029','PAGADO','2023-06-14 17:15:04'),('B0000000030','P0000000030','PAGADO','2023-06-14 17:15:04'),('B0000000031','P0000000031','PAGADO','2023-06-14 17:15:04'),('B0000000032','P0000000032','PAGADO','2023-06-14 17:15:04'),('B0000000033','P0000000033','PAGADO','2023-06-14 17:15:04'),('B0000000034','P0000000034','PAGADO','2023-06-14 17:15:05'),('B0000000035','P0000000035','PAGADO','2023-06-14 17:15:05'),('B0000000036','P0000000036','PAGADO','2023-06-14 17:15:05'),('B0000000037','P0000000037','PAGADO','2023-06-14 17:15:05'),('B0000000038','P0000000038','PAGADO','2023-06-14 17:15:05'),('B0000000039','P0000000039','PAGADO','2023-06-14 17:15:06'),('B0000000040','P0000000040','PAGADO','2023-06-14 17:15:06'),('B0000000041','P0000000041','PAGADO','2023-06-14 17:15:06'),('B0000000042','P0000000042','PAGADO','2023-06-14 17:15:06'),('B0000000043','P0000000043','PAGADO','2023-06-14 17:15:06'),('B0000000044','P0000000044','PAGADO','2023-06-14 17:15:06'),('B0000000045','P0000000045','PAGADO','2023-06-14 17:15:07'),('B0000000046','P0000000046','PAGADO','2023-06-14 17:15:07'),('B0000000047','P0000000047','PAGADO','2023-06-14 17:15:07'),('B0000000048','P0000000048','PAGADO','2023-06-14 17:15:07'),('B0000000049','P0000000049','PAGADO','2023-06-14 17:15:08'),('B0000000050','P0000000050','PAGADO','2023-06-14 17:15:08'),('B0000000051','P0000000051','PAGADO','2023-06-14 17:15:08'),('B0000000052','P0000000052','PAGADO','2023-06-14 17:15:08'),('B0000000053','P0000000053','PAGADO','2023-06-14 17:15:09'),('B0000000054','P0000000054','PAGADO','2023-06-14 17:15:09'),('B0000000055','P0000000055','PAGADO','2023-06-14 17:15:09'),('B0000000056','P0000000056','PAGADO','2023-06-14 17:15:09'),('B0000000057','P0000000057','PAGADO','2023-06-14 17:15:09'),('B0000000058','P0000000058','PAGADO','2023-06-14 17:15:10'),('B0000000059','P0000000059','PAGADO','2023-06-14 17:15:10'),('B0000000060','P0000000060','PAGADO','2023-06-14 17:15:10'),('B0000000061','P0000000061','PAGADO','2023-06-14 17:15:10'),('B0000000062','P0000000062','PAGADO','2023-06-14 17:15:10'),('B0000000063','P0000000063','PAGADO','2023-06-14 17:15:11'),('B0000000064','P0000000064','PAGADO','2023-06-14 17:15:11'),('B0000000065','P0000000065','PAGADO','2023-06-14 17:15:11'),('B0000000066','P0000000066','PAGADO','2023-06-14 17:15:11'),('B0000000067','P0000000067','PAGADO','2023-06-14 17:15:12'),('B0000000068','P0000000068','PAGADO','2023-06-14 17:15:12'),('B0000000069','P0000000069','PAGADO','2023-06-14 17:15:12'),('B0000000070','P0000000070','PAGADO','2023-06-14 17:15:12'),('B0000000071','P0000000071','PAGADO','2023-06-14 17:15:13'),('B0000000072','P0000000072','PAGADO','2023-06-14 17:15:13'),('B0000000073','P0000000073','PAGADO','2023-06-14 17:15:13'),('B0000000074','P0000000074','PAGADO','2023-06-14 17:15:14'),('B0000000075','P0000000075','PAGADO','2023-06-14 17:15:14'),('B0000000076','P0000000076','PAGADO','2023-06-14 17:15:14'),('B0000000077','P0000000077','PAGADO','2023-06-14 17:15:14'),('B0000000078','P0000000078','PAGADO','2023-06-14 17:15:14'),('B0000000079','P0000000079','PAGADO','2023-06-14 17:15:14'),('B0000000080','P0000000080','PAGADO','2023-06-14 17:15:15'),('B0000000081','P0000000081','PAGADO','2023-06-14 17:15:15'),('B0000000082','P0000000082','PAGADO','2023-06-14 17:15:15'),('B0000000083','P0000000083','PAGADO','2023-06-14 17:15:15'),('B0000000084','P0000000084','PAGADO','2023-06-14 17:15:16'),('B0000000085','P0000000085','PAGADO','2023-06-14 17:15:16'),('B0000000086','P0000000086','PAGADO','2023-06-14 17:15:16'),('B0000000087','P0000000087','PAGADO','2023-06-14 17:15:16'),('B0000000088','P0000000088','PAGADO','2023-06-14 17:15:16'),('B0000000089','P0000000089','PAGADO','2023-06-14 17:15:17'),('B0000000090','P0000000090','PAGADO','2023-06-14 17:15:17'),('B0000000091','P0000000091','PAGADO','2023-06-14 17:15:17'),('B0000000092','P0000000092','PAGADO','2023-06-14 17:15:17'),('B0000000093','P0000000093','PAGADO','2023-06-14 17:15:17'),('B0000000094','P0000000094','PAGADO','2023-06-14 17:15:18'),('B0000000095','P0000000095','PAGADO','2023-06-14 17:15:18'),('B0000000096','P0000000096','PAGADO','2023-06-14 17:15:18'),('B0000000097','P0000000097','PAGADO','2023-06-14 17:15:18'),('B0000000098','P0000000098','PAGADO','2023-06-14 17:15:18'),('B0000000099','P0000000099','PAGADO','2023-06-14 17:15:19'),('B0000000100','P0000000100','PAGADO','2023-06-14 17:15:19'),('B0000000101','P0000000101','PAGADO','2023-06-14 17:15:19'),('B0000000102','P0000000102','PAGADO','2023-06-14 17:15:19'),('B0000000103','P0000000103','PAGADO','2023-06-14 17:15:20'),('B0000000104','P0000000104','PAGADO','2023-06-14 17:15:20'),('B0000000105','P0000000105','PAGADO','2023-06-14 17:15:20'),('B0000000106','P0000000106','PAGADO','2023-06-14 17:15:21'),('B0000000107','P0000000107','PAGADO','2023-06-14 17:15:21'),('B0000000108','P0000000108','PAGADO','2023-06-14 17:15:21'),('B0000000109','P0000000109','PAGADO','2023-06-14 17:15:21'),('B0000000110','P0000000110','PAGADO','2023-06-14 17:15:21'),('B0000000111','P0000000111','PAGADO','2023-06-14 17:15:22'),('B0000000112','P0000000112','PAGADO','2023-06-14 17:15:22'),('B0000000113','P0000000113','PAGADO','2023-06-14 17:15:22'),('B0000000114','P0000000114','PAGADO','2023-06-14 17:15:23'),('B0000000115','P0000000115','PAGADO','2023-06-14 17:15:23'),('B0000000116','P0000000116','PAGADO','2023-06-14 17:15:23'),('B0000000117','P0000000117','PAGADO','2023-06-14 17:15:23'),('B0000000118','P0000000118','PAGADO','2023-06-14 17:15:23'),('B0000000119','P0000000119','PAGADO','2023-06-14 17:15:24'),('B0000000120','P0000000120','PAGADO','2023-06-14 17:15:24'),('B0000000121','P0000000121','PAGADO','2023-06-14 17:15:24'),('B0000000122','P0000000122','PAGADO','2023-06-14 17:15:24'),('B0000000123','P0000000123','PAGADO','2023-06-14 17:15:24'),('B0000000124','P0000000124','PAGADO','2023-06-14 17:15:25'),('B0000000125','P0000000125','PAGADO','2023-06-14 17:15:25'),('B0000000126','P0000000126','PAGADO','2023-06-14 17:15:25'),('B0000000127','P0000000127','PAGADO','2023-06-14 17:15:25'),('B0000000128','P0000000128','PAGADO','2023-06-14 17:15:26'),('B0000000129','P0000000129','PAGADO','2023-06-14 17:15:26'),('B0000000130','P0000000130','PAGADO','2023-06-14 17:15:26'),('B0000000131','P0000000131','PAGADO','2023-06-14 17:15:26'),('B0000000132','P0000000132','PAGADO','2023-06-14 17:15:26'),('B0000000133','P0000000133','PAGADO','2023-06-14 17:15:27'),('B0000000134','P0000000134','PAGADO','2023-06-14 17:15:27'),('B0000000135','P0000000135','PAGADO','2023-06-14 17:15:27'),('B0000000136','P0000000136','PAGADO','2023-06-14 17:15:27'),('B0000000137','P0000000137','PAGADO','2023-06-14 17:15:27'),('B0000000138','P0000000138','PAGADO','2023-06-14 17:15:28'),('B0000000139','P0000000139','PAGADO','2023-06-14 17:15:28'),('B0000000140','P0000000140','PAGADO','2023-06-14 17:15:28'),('B0000000141','P0000000141','PAGADO','2023-06-14 17:15:28'),('B0000000142','P0000000142','PAGADO','2023-06-14 17:15:28'),('B0000000143','P0000000143','PAGADO','2023-06-14 17:15:28'),('B0000000144','P0000000144','PAGADO','2023-06-14 17:15:28'),('B0000000145','P0000000145','PAGADO','2023-06-14 17:15:29'),('B0000000146','P0000000146','PAGADO','2023-06-14 17:15:29'),('B0000000147','P0000000147','PAGADO','2023-06-14 17:15:29'),('B0000000148','P0000000148','PAGADO','2023-06-14 17:15:29'),('B0000000149','P0000000149','PAGADO','2023-06-14 17:15:30'),('B0000000150','P0000000150','PAGADO','2023-06-14 17:15:30'),('B0000000151','P0000000151','PAGADO','2023-06-14 17:15:30'),('B0000000152','P0000000152','PAGADO','2023-06-14 17:15:30'),('B0000000153','P0000000153','PAGADO','2023-06-14 17:15:30'),('B0000000154','P0000000154','PAGADO','2023-06-14 17:15:31'),('B0000000155','P0000000155','PAGADO','2023-06-14 17:15:31'),('B0000000156','P0000000156','PAGADO','2023-06-14 17:15:31'),('B0000000157','P0000000157','PAGADO','2023-06-14 17:15:32'),('B0000000158','P0000000158','PAGADO','2023-06-14 17:15:32'),('B0000000159','P0000000159','PAGADO','2023-06-14 17:15:32'),('B0000000160','P0000000160','PAGADO','2023-06-14 17:15:32'),('B0000000161','P0000000161','PAGADO','2023-06-14 17:15:33'),('B0000000162','P0000000162','PAGADO','2023-06-14 17:15:33'),('B0000000163','P0000000163','PAGADO','2023-06-14 17:15:33'),('B0000000164','P0000000164','PAGADO','2023-06-14 17:15:33'),('B0000000165','P0000000165','PAGADO','2023-06-14 17:15:34'),('B0000000166','P0000000166','PAGADO','2023-06-14 17:15:34'),('B0000000167','P0000000167','PAGADO','2023-06-14 17:15:34'),('B0000000168','P0000000168','PAGADO','2023-06-14 17:15:34'),('B0000000169','P0000000169','PAGADO','2023-06-14 17:15:34'),('B0000000170','P0000000170','PAGADO','2023-06-14 17:15:35'),('B0000000171','P0000000171','PAGADO','2023-06-14 17:15:35'),('B0000000172','P0000000172','PAGADO','2023-06-14 17:15:35'),('B0000000173','P0000000173','PAGADO','2023-06-14 17:15:35'),('B0000000174','P0000000174','PAGADO','2023-06-14 17:15:35'),('B0000000175','P0000000175','PAGADO','2023-06-14 17:15:36'),('B0000000176','P0000000176','PAGADO','2023-06-14 17:15:36'),('B0000000177','P0000000177','PAGADO','2023-06-14 17:15:36'),('B0000000178','P0000000178','PAGADO','2023-06-14 17:15:36'),('B0000000179','P0000000179','PAGADO','2023-06-14 17:15:36'),('B0000000180','P0000000180','PAGADO','2023-06-14 17:15:37'),('B0000000181','P0000000181','PAGADO','2023-06-14 17:15:37'),('B0000000182','P0000000182','PAGADO','2023-06-14 17:15:37'),('B0000000183','P0000000183','PAGADO','2023-06-14 17:15:37'),('B0000000184','P0000000184','PAGADO','2023-06-14 17:15:37'),('B0000000185','P0000000185','PAGADO','2023-06-14 17:15:37'),('B0000000186','P0000000186','PAGADO','2023-06-14 17:15:37'),('B0000000187','P0000000187','PAGADO','2023-06-14 17:15:38'),('B0000000188','P0000000188','PAGADO','2023-06-14 17:15:38'),('B0000000189','P0000000189','PAGADO','2023-06-14 17:15:38'),('B0000000190','P0000000190','PAGADO','2023-06-14 17:15:38'),('B0000000191','P0000000191','PAGADO','2023-06-14 17:15:38'),('B0000000192','P0000000192','PAGADO','2023-06-14 17:15:39'),('B0000000193','P0000000193','PAGADO','2023-06-14 17:15:39'),('B0000000194','P0000000194','PAGADO','2023-06-14 17:15:39'),('B0000000195','P0000000195','PAGADO','2023-06-14 17:15:39'),('B0000000196','P0000000196','PAGADO','2023-06-14 17:15:39'),('B0000000197','P0000000197','PAGADO','2023-06-14 17:15:39'),('B0000000198','P0000000198','PAGADO','2023-06-14 17:15:39'),('B0000000199','P0000000199','PAGADO','2023-06-14 17:15:40'),('B0000000200','P0000000200','PAGADO','2023-06-14 17:15:40'),('B0000000201','P0000000201','PAGADO','2023-06-14 17:15:40'),('B0000000202','P0000000202','PAGADO','2023-06-14 17:15:40'),('B0000000203','P0000000203','PAGADO','2023-06-14 17:15:40'),('B0000000204','P0000000204','PAGADO','2023-06-14 17:15:40'),('B0000000205','P0000000205','PAGADO','2023-06-14 17:15:41'),('B0000000206','P0000000206','PAGADO','2023-06-14 17:15:41'),('B0000000207','P0000000207','PAGADO','2023-06-14 17:15:41'),('B0000000208','P0000000208','PAGADO','2023-06-14 17:15:41'),('B0000000209','P0000000209','PAGADO','2023-06-14 17:15:41'),('B0000000210','P0000000210','PAGADO','2023-06-14 17:15:42'),('B0000000211','P0000000211','PAGADO','2023-06-14 17:15:42'),('B0000000212','P0000000212','PAGADO','2023-06-14 17:15:42'),('B0000000213','P0000000213','PAGADO','2023-06-14 17:15:42'),('B0000000214','P0000000214','PAGADO','2023-06-14 17:15:42'),('B0000000215','P0000000215','PAGADO','2023-06-14 17:15:43'),('B0000000216','P0000000216','PAGADO','2023-06-14 17:15:43'),('B0000000217','P0000000217','PAGADO','2023-06-14 17:15:43'),('B0000000218','P0000000218','PAGADO','2023-06-14 17:15:43'),('B0000000219','P0000000219','PAGADO','2023-06-14 17:15:44'),('B0000000220','P0000000220','PAGADO','2023-06-14 17:15:44'),('B0000000221','P0000000221','PAGADO','2023-06-14 17:15:44'),('B0000000222','P0000000222','PAGADO','2023-06-14 17:15:44'),('B0000000223','P0000000223','PAGADO','2023-06-14 17:15:44'),('B0000000224','P0000000224','PAGADO','2023-06-14 17:15:45'),('B0000000225','P0000000225','PAGADO','2023-06-14 17:15:45'),('B0000000226','P0000000226','PAGADO','2023-06-14 17:15:45'),('B0000000227','P0000000227','PAGADO','2023-06-14 17:15:45'),('B0000000228','P0000000228','PAGADO','2023-06-14 17:15:45'),('B0000000229','P0000000229','PAGADO','2023-06-14 17:15:46'),('B0000000230','P0000000230','PAGADO','2023-06-14 17:15:46'),('B0000000231','P0000000231','PAGADO','2023-06-14 17:15:46'),('B0000000232','P0000000232','PAGADO','2023-06-14 17:15:46'),('B0000000233','P0000000233','PAGADO','2023-06-14 17:15:47'),('B0000000234','P0000000234','PAGADO','2023-06-14 17:15:47'),('B0000000235','P0000000235','PAGADO','2023-06-14 17:15:47'),('B0000000236','P0000000236','PAGADO','2023-06-14 17:15:47'),('B0000000237','P0000000237','PAGADO','2023-06-14 17:15:47'),('B0000000238','P0000000238','PAGADO','2023-06-14 17:15:47'),('B0000000239','P0000000239','PAGADO','2023-06-14 17:15:48'),('B0000000240','P0000000240','PAGADO','2023-06-14 17:15:48'),('B0000000241','P0000000241','PAGADO','2023-06-14 17:15:48'),('B0000000242','P0000000242','PAGADO','2023-06-14 17:15:48'),('B0000000243','P0000000243','PAGADO','2023-06-14 17:15:48'),('B0000000244','P0000000244','PAGADO','2023-06-14 17:15:48'),('B0000000245','P0000000245','PAGADO','2023-06-14 17:15:48'),('B0000000246','P0000000246','PAGADO','2023-06-14 17:15:49'),('B0000000247','P0000000247','PAGADO','2023-06-14 17:15:49'),('B0000000248','P0000000248','PAGADO','2023-06-14 17:15:49'),('B0000000249','P0000000249','PAGADO','2023-06-14 17:15:49'),('B0000000250','P0000000250','PAGADO','2023-06-14 17:15:49'),('B0000000251','P0000000251','PAGADO','2023-06-14 17:15:49'),('B0000000252','P0000000252','PAGADO','2023-06-14 17:15:49'),('B0000000253','P0000000253','PAGADO','2023-06-14 17:15:50'),('B0000000254','P0000000254','PAGADO','2023-06-14 17:15:50'),('B0000000255','P0000000255','PAGADO','2023-06-14 17:15:50'),('B0000000256','P0000000256','PAGADO','2023-06-14 17:15:50'),('B0000000257','P0000000257','PAGADO','2023-06-14 17:15:50'),('B0000000258','P0000000258','PAGADO','2023-06-14 17:15:50'),('B0000000259','P0000000259','PAGADO','2023-06-14 17:15:51'),('B0000000260','P0000000260','PAGADO','2023-06-14 17:15:51'),('B0000000261','P0000000261','PAGADO','2023-06-14 17:15:51'),('B0000000262','P0000000262','PAGADO','2023-06-14 17:15:51'),('B0000000263','P0000000263','PAGADO','2023-06-14 17:15:51'),('B0000000264','P0000000264','PAGADO','2023-06-14 17:15:52'),('B0000000265','P0000000265','PAGADO','2023-06-14 17:15:52'),('B0000000266','P0000000266','PAGADO','2023-06-14 17:15:52'),('B0000000267','P0000000267','PAGADO','2023-06-14 17:15:52'),('B0000000268','P0000000268','PAGADO','2023-06-14 17:15:52'),('B0000000269','P0000000269','PAGADO','2023-06-14 17:15:52'),('B0000000270','P0000000270','PAGADO','2023-06-14 17:15:53'),('B0000000271','P0000000271','PAGADO','2023-06-14 17:15:53'),('B0000000272','P0000000272','PAGADO','2023-06-14 17:15:53'),('B0000000273','P0000000273','PAGADO','2023-06-14 17:15:54'),('B0000000274','P0000000274','PAGADO','2023-06-14 17:15:54'),('B0000000275','P0000000275','PAGADO','2023-06-14 17:15:55'),('B0000000276','P0000000276','PAGADO','2023-06-14 17:15:55'),('B0000000277','P0000000277','PAGADO','2023-06-14 17:15:55'),('B0000000278','P0000000278','PAGADO','2023-06-14 17:15:56'),('B0000000279','P0000000279','PAGADO','2023-06-14 17:15:56'),('B0000000280','P0000000280','PAGADO','2023-06-14 17:15:56'),('B0000000281','P0000000281','PAGADO','2023-06-14 17:15:56'),('B0000000282','P0000000282','PAGADO','2023-06-14 17:15:57'),('B0000000283','P0000000283','PAGADO','2023-06-14 17:15:57'),('B0000000284','P0000000284','PAGADO','2023-06-14 17:15:58'),('B0000000285','P0000000285','PAGADO','2023-06-14 17:15:58'),('B0000000286','P0000000286','PAGADO','2023-06-14 17:15:58'),('B0000000287','P0000000287','PAGADO','2023-06-14 17:15:58'),('B0000000288','P0000000288','PAGADO','2023-06-14 17:15:58'),('B0000000289','P0000000289','PAGADO','2023-06-14 17:15:58'),('B0000000290','P0000000290','PAGADO','2023-06-14 17:15:59'),('B0000000291','P0000000291','PAGADO','2023-06-14 17:15:59'),('B0000000292','P0000000292','PAGADO','2023-06-14 17:15:59'),('B0000000293','P0000000293','PAGADO','2023-06-14 17:15:59'),('B0000000294','P0000000294','PAGADO','2023-06-14 17:16:00'),('B0000000295','P0000000295','PAGADO','2023-06-14 17:16:00'),('B0000000296','P0000000296','PAGADO','2023-06-14 17:16:00'),('B0000000297','P0000000297','PAGADO','2023-06-14 17:16:01'),('B0000000298','P0000000298','PAGADO','2023-06-14 17:16:01'),('B0000000299','P0000000299','PAGADO','2023-06-14 17:16:01'),('B0000000300','P0000000300','PAGADO','2023-06-14 17:16:02'),('B0000000301','P0000000301','PAGADO','2023-06-14 17:16:02'),('B0000000302','P0000000302','PAGADO','2023-06-14 17:16:03'),('B0000000303','P0000000303','PAGADO','2023-06-14 17:16:03'),('B0000000304','P0000000304','PAGADO','2023-06-14 17:16:03'),('B0000000305','P0000000305','PAGADO','2023-06-14 17:16:03'),('B0000000306','P0000000306','PAGADO','2023-06-14 17:16:04'),('B0000000307','P0000000307','PAGADO','2023-06-14 17:16:04'),('B0000000308','P0000000308','PAGADO','2023-06-14 17:16:04'),('B0000000309','P0000000309','PAGADO','2023-06-14 17:16:04'),('B0000000310','P0000000310','PAGADO','2023-06-14 17:16:05'),('B0000000311','P0000000311','PAGADO','2023-06-14 17:16:05'),('B0000000312','P0000000312','PAGADO','2023-06-14 17:16:05'),('B0000000313','P0000000313','PAGADO','2023-06-14 17:16:05'),('B0000000314','P0000000314','PAGADO','2023-06-14 17:16:05'),('B0000000315','P0000000315','PAGADO','2023-06-14 17:16:05'),('B0000000316','P0000000316','PAGADO','2023-06-14 17:16:06'),('B0000000317','P0000000317','PAGADO','2023-06-14 17:16:06'),('B0000000318','P0000000318','PAGADO','2023-06-14 17:16:06'),('B0000000319','P0000000319','PAGADO','2023-06-14 17:16:06'),('B0000000320','P0000000320','PAGADO','2023-06-14 17:16:06'),('B0000000321','P0000000321','PAGADO','2023-06-14 17:16:07'),('B0000000322','P0000000322','PAGADO','2023-06-14 17:16:07'),('B0000000323','P0000000323','PAGADO','2023-06-14 17:16:07'),('B0000000324','P0000000324','PAGADO','2023-06-14 17:16:07'),('B0000000325','P0000000325','PAGADO','2023-06-14 17:16:07'),('B0000000326','P0000000326','PAGADO','2023-06-14 17:16:08'),('B0000000327','P0000000327','PAGADO','2023-06-14 17:16:08'),('B0000000328','P0000000328','PAGADO','2023-06-14 17:16:08'),('B0000000329','P0000000329','PAGADO','2023-06-14 17:16:08'),('B0000000330','P0000000330','PAGADO','2023-06-14 17:16:08'),('B0000000331','P0000000331','PAGADO','2023-06-14 17:16:08'),('B0000000332','P0000000332','PAGADO','2023-06-14 17:16:09'),('B0000000333','P0000000333','PAGADO','2023-06-14 17:16:09'),('B0000000334','P0000000334','PAGADO','2023-06-14 17:16:09'),('B0000000335','P0000000335','PAGADO','2023-06-14 17:16:09'),('B0000000336','P0000000336','PAGADO','2023-06-14 17:16:09'),('B0000000337','P0000000337','PAGADO','2023-06-14 17:16:10'),('B0000000338','P0000000338','PAGADO','2023-06-14 17:16:10'),('B0000000339','P0000000339','PAGADO','2023-06-14 17:16:10'),('B0000000340','P0000000340','PAGADO','2023-06-14 17:16:10'),('B0000000341','P0000000341','PAGADO','2023-06-14 17:16:10'),('B0000000342','P0000000342','PAGADO','2023-06-14 17:16:11'),('B0000000343','P0000000343','PAGADO','2023-06-14 17:16:11'),('B0000000344','P0000000344','PAGADO','2023-06-14 17:16:11'),('B0000000345','P0000000345','PAGADO','2023-06-14 17:16:11'),('B0000000346','P0000000346','PAGADO','2023-06-14 17:16:11'),('B0000000347','P0000000347','PAGADO','2023-06-14 17:16:11'),('B0000000348','P0000000348','PAGADO','2023-06-14 17:16:12'),('B0000000349','P0000000349','PAGADO','2023-06-14 17:16:12'),('B0000000350','P0000000350','PAGADO','2023-06-14 17:16:12'),('B0000000351','P0000000351','PAGADO','2023-06-14 17:16:12'),('B0000000352','P0000000352','PAGADO','2023-06-14 17:16:13'),('B0000000353','P0000000353','PAGADO','2023-06-14 17:16:13'),('B0000000354','P0000000354','PAGADO','2023-06-14 17:16:13'),('B0000000355','P0000000355','PAGADO','2023-06-14 17:16:13'),('B0000000356','P0000000356','PAGADO','2023-06-14 17:16:13'),('B0000000357','P0000000357','PAGADO','2023-06-14 17:16:13'),('B0000000358','P0000000358','PAGADO','2023-06-14 17:16:14'),('B0000000359','P0000000359','PAGADO','2023-06-14 17:16:14'),('B0000000360','P0000000360','PAGADO','2023-06-14 17:16:14'),('B0000000361','P0000000361','PAGADO','2023-06-14 17:16:14'),('B0000000362','P0000000362','PAGADO','2023-06-14 17:16:14'),('B0000000363','P0000000363','PAGADO','2023-06-14 17:16:15'),('B0000000364','P0000000364','PAGADO','2023-06-14 17:16:15'),('B0000000365','P0000000365','PAGADO','2023-06-14 17:16:15'),('B0000000366','P0000000366','PAGADO','2023-06-14 17:16:15'),('B0000000367','P0000000367','PAGADO','2023-06-14 17:16:15'),('B0000000368','P0000000368','PAGADO','2023-06-14 17:16:15'),('B0000000369','P0000000369','PAGADO','2023-06-14 17:16:15'),('B0000000370','P0000000370','PAGADO','2023-06-14 17:16:16'),('B0000000371','P0000000371','PAGADO','2023-06-14 17:16:16'),('B0000000372','P0000000372','PAGADO','2023-06-14 17:16:16'),('B0000000373','P0000000373','PAGADO','2023-06-14 17:16:16'),('B0000000374','P0000000374','PAGADO','2023-06-14 17:16:16'),('B0000000375','P0000000375','PAGADO','2023-06-14 17:16:16'),('B0000000376','P0000000376','PAGADO','2023-06-14 17:16:17'),('B0000000377','P0000000377','PAGADO','2023-06-14 17:16:17'),('B0000000378','P0000000378','PAGADO','2023-06-14 17:16:17'),('B0000000379','P0000000379','PAGADO','2023-06-14 17:16:17'),('B0000000380','P0000000380','PAGADO','2023-06-14 17:16:18'),('B0000000381','P0000000381','PAGADO','2023-06-14 17:16:18'),('B0000000382','P0000000382','PAGADO','2023-06-14 17:16:18'),('B0000000383','P0000000383','PAGADO','2023-06-14 17:16:18'),('B0000000384','P0000000384','PAGADO','2023-06-14 17:16:18'),('B0000000385','P0000000385','PAGADO','2023-06-14 17:16:18'),('B0000000386','P0000000386','PAGADO','2023-06-14 17:16:18'),('B0000000387','P0000000387','PAGADO','2023-06-14 17:16:19'),('B0000000388','P0000000388','PAGADO','2023-06-14 17:16:19'),('B0000000389','P0000000389','PAGADO','2023-06-14 17:16:19'),('B0000000390','P0000000390','PAGADO','2023-06-14 17:16:19'),('B0000000391','P0000000391','PAGADO','2023-06-14 17:16:19'),('B0000000392','P0000000392','PAGADO','2023-06-14 17:16:19'),('B0000000393','P0000000393','PAGADO','2023-06-14 17:16:20'),('B0000000394','P0000000394','PAGADO','2023-06-14 17:16:20'),('B0000000395','P0000000395','PAGADO','2023-06-14 17:16:20'),('B0000000396','P0000000396','PAGADO','2023-06-14 17:16:21'),('B0000000397','P0000000397','PAGADO','2023-06-14 17:16:21'),('B0000000398','P0000000398','PAGADO','2023-06-14 17:16:21'),('B0000000399','P0000000399','PAGADO','2023-06-14 17:16:21'),('B0000000400','P0000000400','PAGADO','2023-06-14 17:16:21'),('B0000000401','P0000000401','PAGADO','2023-06-14 17:16:22'),('B0000000402','P0000000402','PAGADO','2023-06-14 17:16:22'),('B0000000403','P0000000403','PAGADO','2023-06-14 17:16:22'),('B0000000404','P0000000404','PAGADO','2023-06-14 17:16:22'),('B0000000405','P0000000405','PAGADO','2023-06-14 17:16:23'),('B0000000406','P0000000406','PAGADO','2023-06-14 17:16:23'),('B0000000407','P0000000407','PAGADO','2023-06-14 17:16:23'),('B0000000408','P0000000408','PAGADO','2023-06-14 17:16:24'),('B0000000409','P0000000409','PAGADO','2023-06-14 17:16:24'),('B0000000410','P0000000410','PAGADO','2023-06-14 17:16:24'),('B0000000411','P0000000411','PAGADO','2023-06-14 17:16:24'),('B0000000412','P0000000412','PAGADO','2023-06-14 17:16:25'),('B0000000413','P0000000413','PAGADO','2023-06-14 17:16:25'),('B0000000414','P0000000414','PAGADO','2023-06-14 17:16:25'),('B0000000415','P0000000415','PAGADO','2023-06-14 17:16:25'),('B0000000416','P0000000416','PAGADO','2023-06-14 17:16:26'),('B0000000417','P0000000417','PAGADO','2023-06-14 17:16:26'),('B0000000418','P0000000418','PAGADO','2023-06-14 17:16:27'),('B0000000419','P0000000419','PAGADO','2023-06-14 17:16:27'),('B0000000420','P0000000420','PAGADO','2023-06-14 17:16:27'),('B0000000421','P0000000421','PAGADO','2023-06-14 17:16:28'),('B0000000422','P0000000422','PAGADO','2023-06-14 17:16:28'),('B0000000423','P0000000423','PAGADO','2023-06-14 17:16:28'),('B0000000424','P0000000424','PAGADO','2023-06-14 17:16:28'),('B0000000425','P0000000425','PAGADO','2023-06-14 17:16:28'),('B0000000426','P0000000426','PAGADO','2023-06-14 17:16:29'),('B0000000427','P0000000427','PAGADO','2023-06-14 17:16:29'),('B0000000428','P0000000428','PAGADO','2023-06-14 17:16:29'),('B0000000429','P0000000429','PAGADO','2023-06-14 17:16:29'),('B0000000430','P0000000430','PAGADO','2023-06-14 17:16:29'),('B0000000431','P0000000431','PAGADO','2023-06-14 17:16:29'),('B0000000432','P0000000432','PAGADO','2023-06-14 17:16:30'),('B0000000433','P0000000433','PAGADO','2023-06-14 17:16:30'),('B0000000434','P0000000434','PAGADO','2023-06-14 17:16:30'),('B0000000435','P0000000435','PAGADO','2023-06-14 17:16:30'),('B0000000436','P0000000436','PAGADO','2023-06-14 17:16:31'),('B0000000437','P0000000437','PAGADO','2023-06-14 17:16:31'),('B0000000438','P0000000438','PAGADO','2023-06-14 17:16:31'),('B0000000439','P0000000439','PAGADO','2023-06-14 17:16:31'),('B0000000440','P0000000440','PAGADO','2023-06-14 17:16:32'),('B0000000441','P0000000441','PAGADO','2023-06-14 17:16:32'),('B0000000442','P0000000442','PAGADO','2023-06-14 17:16:32'),('B0000000443','P0000000443','PAGADO','2023-06-14 17:16:32'),('B0000000444','P0000000444','PAGADO','2023-06-14 17:16:33'),('B0000000445','P0000000445','PAGADO','2023-06-14 17:16:33'),('B0000000446','P0000000446','PAGADO','2023-06-14 17:16:33'),('B0000000447','P0000000447','PAGADO','2023-06-14 17:16:33'),('B0000000448','P0000000448','PAGADO','2023-06-14 17:16:33'),('B0000000449','P0000000449','PAGADO','2023-06-14 17:16:34'),('B0000000450','P0000000450','PAGADO','2023-06-14 17:16:34'),('B0000000451','P0000000451','PAGADO','2023-06-14 17:16:34'),('B0000000452','P0000000452','PAGADO','2023-06-14 17:16:35'),('B0000000453','P0000000453','PAGADO','2023-06-14 17:16:35'),('B0000000454','P0000000454','PAGADO','2023-06-14 17:16:35'),('B0000000455','P0000000455','PAGADO','2023-06-14 17:16:36'),('B0000000456','P0000000456','PAGADO','2023-06-14 17:16:36'),('B0000000457','P0000000457','PAGADO','2023-06-14 17:16:36'),('B0000000458','P0000000458','PAGADO','2023-06-14 17:16:36'),('B0000000459','P0000000459','PAGADO','2023-06-14 17:16:36'),('B0000000460','P0000000460','PAGADO','2023-06-14 17:16:37'),('B0000000461','P0000000461','PAGADO','2023-06-14 17:16:37'),('B0000000462','P0000000462','PAGADO','2023-06-14 17:16:37'),('B0000000463','P0000000463','PAGADO','2023-06-14 17:16:37'),('B0000000464','P0000000464','PAGADO','2023-06-14 17:16:38'),('B0000000465','P0000000465','PAGADO','2023-06-14 17:16:38'),('B0000000466','P0000000466','PAGADO','2023-06-14 17:16:38'),('B0000000467','P0000000467','PAGADO','2023-06-14 17:16:38'),('B0000000468','P0000000468','PAGADO','2023-06-14 17:16:38'),('B0000000469','P0000000469','PAGADO','2023-06-14 17:16:39'),('B0000000470','P0000000470','PAGADO','2023-06-14 17:16:39'),('B0000000471','P0000000471','PAGADO','2023-06-14 17:16:39'),('B0000000472','P0000000472','PAGADO','2023-06-14 17:16:39'),('B0000000473','P0000000473','PAGADO','2023-06-14 17:16:40'),('B0000000474','P0000000474','PAGADO','2023-06-14 17:16:40'),('B0000000475','P0000000475','PAGADO','2023-06-14 17:16:40'),('B0000000476','P0000000476','PAGADO','2023-06-14 17:16:40'),('B0000000477','P0000000477','PAGADO','2023-06-14 17:16:40'),('B0000000478','P0000000478','PAGADO','2023-06-14 17:16:41'),('B0000000479','P0000000479','PAGADO','2023-06-14 17:16:41'),('B0000000480','P0000000480','PAGADO','2023-06-14 17:16:41'),('B0000000481','P0000000481','PAGADO','2023-06-14 17:16:41'),('B0000000482','P0000000482','PAGADO','2023-06-14 17:16:42'),('B0000000483','P0000000483','PAGADO','2023-06-14 17:16:42'),('B0000000484','P0000000484','PAGADO','2023-06-14 17:16:42'),('B0000000485','P0000000485','PAGADO','2023-06-14 17:16:42'),('B0000000486','P0000000486','PAGADO','2023-06-14 17:16:42'),('B0000000487','P0000000487','PAGADO','2023-06-14 17:16:42'),('B0000000488','P0000000488','PAGADO','2023-06-14 17:16:43'),('B0000000489','P0000000489','PAGADO','2023-06-14 17:16:43'),('B0000000490','P0000000490','PAGADO','2023-06-14 17:16:43'),('B0000000491','P0000000491','PAGADO','2023-06-14 17:16:43'),('B0000000492','P0000000492','PAGADO','2023-06-14 17:16:43'),('B0000000493','P0000000493','PAGADO','2023-06-14 17:16:44'),('B0000000494','P0000000494','PAGADO','2023-06-14 17:16:44'),('B0000000495','P0000000495','PAGADO','2023-06-14 17:16:44'),('B0000000496','P0000000496','PAGADO','2023-06-14 17:16:44'),('B0000000497','P0000000497','PAGADO','2023-06-14 17:16:44'),('B0000000498','P0000000498','PAGADO','2023-06-14 17:16:45'),('B0000000499','P0000000499','PAGADO','2023-06-14 17:16:45'),('B0000000500','P0000000500','PAGADO','2023-06-14 17:16:45'),('B0000000501','P0000000501','PAGADO','2023-06-14 17:16:45'),('B0000000502','P0000000502','PAGADO','2023-06-14 17:16:45'),('B0000000503','P0000000503','PAGADO','2023-06-14 17:16:45'),('B0000000504','P0000000504','PAGADO','2023-06-14 17:16:46'),('B0000000505','P0000000505','PAGADO','2023-06-14 17:16:46'),('B0000000506','P0000000506','PAGADO','2023-06-14 17:16:46'),('B0000000507','P0000000507','PAGADO','2023-06-14 17:16:46'),('B0000000508','P0000000508','PAGADO','2023-06-14 17:16:46'),('B0000000509','P0000000509','PAGADO','2023-06-14 17:16:47'),('B0000000510','P0000000510','PAGADO','2023-06-14 17:16:47'),('B0000000511','P0000000511','PAGADO','2023-06-14 17:16:47'),('B0000000512','P0000000512','PAGADO','2023-06-14 17:16:47'),('B0000000513','P0000000513','PAGADO','2023-06-14 17:16:47'),('B0000000514','P0000000514','PAGADO','2023-06-14 17:16:48'),('B0000000515','P0000000515','PAGADO','2023-06-14 17:16:48'),('B0000000516','P0000000516','PAGADO','2023-06-14 17:16:48'),('B0000000517','P0000000517','PAGADO','2023-06-14 17:16:48'),('B0000000518','P0000000518','PAGADO','2023-06-14 17:16:49'),('B0000000519','P0000000519','PAGADO','2023-06-14 17:16:49'),('B0000000520','P0000000520','PAGADO','2023-06-14 17:16:49'),('B0000000521','P0000000521','PAGADO','2023-06-14 17:16:49'),('B0000000522','P0000000522','PAGADO','2023-06-14 17:16:50'),('B0000000523','P0000000523','PAGADO','2023-06-14 17:16:50'),('B0000000524','P0000000524','PAGADO','2023-06-14 17:16:50'),('B0000000525','P0000000525','PAGADO','2023-06-14 17:16:50'),('B0000000526','P0000000526','PAGADO','2023-06-14 17:16:50'),('B0000000527','P0000000527','PAGADO','2023-06-14 17:16:51'),('B0000000528','P0000000528','PAGADO','2023-06-14 17:16:51'),('B0000000529','P0000000529','PAGADO','2023-06-14 17:16:51'),('B0000000530','P0000000530','PAGADO','2023-06-14 17:16:51'),('B0000000531','P0000000531','PAGADO','2023-06-14 17:16:52'),('B0000000532','P0000000532','PAGADO','2023-06-14 17:16:52'),('B0000000533','P0000000533','PAGADO','2023-06-14 17:16:52'),('B0000000534','P0000000534','PAGADO','2023-06-14 17:16:52'),('B0000000535','P0000000535','PAGADO','2023-06-14 17:16:52'),('B0000000536','P0000000536','PAGADO','2023-06-14 17:16:52'),('B0000000537','P0000000537','PAGADO','2023-06-14 17:16:53'),('B0000000538','P0000000538','PAGADO','2023-06-14 17:16:53'),('B0000000539','P0000000539','PAGADO','2023-06-14 17:16:53'),('B0000000540','P0000000540','PAGADO','2023-06-14 17:16:53'),('B0000000541','P0000000541','PAGADO','2023-06-14 17:16:53'),('B0000000542','P0000000542','PAGADO','2023-06-14 17:16:54'),('B0000000543','P0000000543','PAGADO','2023-06-14 17:16:54'),('B0000000544','P0000000544','PAGADO','2023-06-14 17:16:54'),('B0000000545','P0000000545','PAGADO','2023-06-14 17:16:54'),('B0000000546','P0000000546','PAGADO','2023-06-14 17:16:55'),('B0000000547','P0000000547','PAGADO','2023-06-14 17:16:55'),('B0000000548','P0000000548','PAGADO','2023-06-14 17:16:55'),('B0000000549','P0000000549','PAGADO','2023-06-14 17:16:56'),('B0000000550','P0000000550','PAGADO','2023-06-14 17:16:56'),('B0000000551','P0000000551','PAGADO','2023-06-14 17:16:56'),('B0000000552','P0000000552','PAGADO','2023-06-14 17:16:56'),('B0000000553','P0000000553','PAGADO','2023-06-14 17:16:56'),('B0000000554','P0000000554','PAGADO','2023-06-14 17:16:56'),('B0000000555','P0000000555','PAGADO','2023-06-14 17:16:57'),('B0000000556','P0000000556','PAGADO','2023-06-14 17:16:57'),('B0000000557','P0000000557','PAGADO','2023-06-14 17:16:57'),('B0000000558','P0000000558','PAGADO','2023-06-14 17:16:57'),('B0000000559','P0000000559','PAGADO','2023-06-14 17:16:57'),('B0000000560','P0000000560','PAGADO','2023-06-14 17:16:58'),('B0000000561','P0000000561','PAGADO','2023-06-14 17:16:58'),('B0000000562','P0000000562','PAGADO','2023-06-14 17:16:58'),('B0000000563','P0000000563','PAGADO','2023-06-14 17:16:58'),('B0000000564','P0000000564','PAGADO','2023-06-14 17:16:58'),('B0000000565','P0000000565','PAGADO','2023-06-14 17:16:59'),('B0000000566','P0000000566','PAGADO','2023-06-14 17:16:59'),('B0000000567','P0000000567','PAGADO','2023-06-14 17:16:59'),('B0000000568','P0000000568','PAGADO','2023-06-14 17:16:59'),('B0000000569','P0000000569','PAGADO','2023-06-14 17:17:00'),('B0000000570','P0000000570','PAGADO','2023-06-14 17:17:00'),('B0000000571','P0000000571','PAGADO','2023-06-14 17:17:00'),('B0000000572','P0000000572','PAGADO','2023-06-14 17:17:00'),('B0000000573','P0000000573','PAGADO','2023-06-14 17:17:00'),('B0000000574','P0000000574','PAGADO','2023-06-14 17:17:01'),('B0000000575','P0000000575','PAGADO','2023-06-14 17:17:01'),('B0000000576','P0000000576','PAGADO','2023-06-14 17:17:02'),('B0000000577','P0000000577','PAGADO','2023-06-14 17:17:02'),('B0000000578','P0000000578','PAGADO','2023-06-14 17:17:02'),('B0000000579','P0000000579','PAGADO','2023-06-14 17:17:02'),('B0000000580','P0000000580','PAGADO','2023-06-14 17:17:03'),('B0000000581','P0000000581','PAGADO','2023-06-14 17:17:03'),('B0000000582','P0000000582','PAGADO','2023-06-14 17:17:03'),('B0000000583','P0000000583','PAGADO','2023-06-14 17:17:03'),('B0000000584','P0000000584','PAGADO','2023-06-14 17:17:04'),('B0000000585','P0000000585','PAGADO','2023-06-14 17:17:04'),('B0000000586','P0000000586','PAGADO','2023-06-14 17:17:04'),('B0000000587','P0000000587','PAGADO','2023-06-14 17:17:04'),('B0000000588','P0000000588','PAGADO','2023-06-14 17:17:04'),('B0000000589','P0000000589','PAGADO','2023-06-14 17:17:04'),('B0000000590','P0000000590','PAGADO','2023-06-14 17:17:05'),('B0000000591','P0000000591','PAGADO','2023-06-14 17:17:05'),('B0000000592','P0000000592','PAGADO','2023-06-14 17:17:05'),('B0000000593','P0000000593','PAGADO','2023-06-14 17:17:05'),('B0000000594','P0000000594','PAGADO','2023-06-14 17:17:05'),('B0000000595','P0000000595','PAGADO','2023-06-14 17:17:06'),('B0000000596','P0000000596','PAGADO','2023-06-14 17:17:06'),('B0000000597','P0000000597','PAGADO','2023-06-14 17:17:06'),('B0000000598','P0000000598','PAGADO','2023-06-14 17:17:06'),('B0000000599','P0000000599','PAGADO','2023-06-14 17:17:06'),('B0000000600','P0000000600','PAGADO','2023-06-14 17:17:06'),('B0000000601','P0000000601','PAGADO','2023-06-14 17:17:07'),('B0000000602','P0000000602','PAGADO','2023-06-14 17:17:07'),('B0000000603','P0000000603','PAGADO','2023-06-14 17:17:07'),('B0000000604','P0000000604','PAGADO','2023-06-14 17:17:07'),('B0000000605','P0000000605','PAGADO','2023-06-14 17:17:07'),('B0000000606','P0000000606','PAGADO','2023-06-14 17:17:08'),('B0000000607','P0000000607','PAGADO','2023-06-14 17:17:08'),('B0000000608','P0000000608','PAGADO','2023-06-14 17:17:08'),('B0000000609','P0000000609','PAGADO','2023-06-14 17:17:08'),('B0000000610','P0000000610','PAGADO','2023-06-14 17:17:09'),('B0000000611','P0000000611','PAGADO','2023-06-14 17:17:09'),('B0000000612','P0000000612','PAGADO','2023-06-14 17:17:09'),('B0000000613','P0000000613','PAGADO','2023-06-14 17:17:09'),('B0000000614','P0000000614','PAGADO','2023-06-14 17:17:09'),('B0000000615','P0000000615','PAGADO','2023-06-14 17:17:10'),('B0000000616','P0000000616','PAGADO','2023-06-14 17:17:10'),('B0000000617','P0000000617','PAGADO','2023-06-14 17:17:10'),('B0000000618','P0000000618','PAGADO','2023-06-14 17:17:10'),('B0000000619','P0000000619','PAGADO','2023-06-14 17:17:11'),('B0000000620','P0000000620','PAGADO','2023-06-14 17:17:11'),('B0000000621','P0000000621','PAGADO','2023-06-14 17:17:11'),('B0000000622','P0000000622','PAGADO','2023-06-14 17:17:11'),('B0000000623','P0000000623','PAGADO','2023-06-14 17:17:11'),('B0000000624','P0000000624','PAGADO','2023-06-14 17:17:11'),('B0000000625','P0000000625','PAGADO','2023-06-14 17:17:11'),('B0000000626','P0000000626','PAGADO','2023-06-14 17:17:12'),('B0000000627','P0000000627','PAGADO','2023-06-14 17:17:12'),('B0000000628','P0000000628','PAGADO','2023-06-14 17:17:12'),('B0000000629','P0000000629','PAGADO','2023-06-14 17:17:12'),('B0000000630','P0000000630','PAGADO','2023-06-14 17:17:12'),('B0000000631','P0000000631','PAGADO','2023-06-14 17:17:13'),('B0000000632','P0000000632','PAGADO','2023-06-14 17:17:13'),('B0000000633','P0000000633','PAGADO','2023-06-14 17:17:13'),('B0000000634','P0000000634','PAGADO','2023-06-14 17:17:13'),('B0000000635','P0000000635','PAGADO','2023-06-14 17:17:13'),('B0000000636','P0000000636','PAGADO','2023-06-14 17:17:14'),('B0000000637','P0000000637','PAGADO','2023-06-14 17:17:14'),('B0000000638','P0000000638','PAGADO','2023-06-14 17:17:14'),('B0000000639','P0000000639','PAGADO','2023-06-14 17:17:14'),('B0000000640','P0000000640','PAGADO','2023-06-14 17:17:14'),('B0000000641','P0000000641','PAGADO','2023-06-14 17:17:15'),('B0000000642','P0000000642','PAGADO','2023-06-14 17:17:15'),('B0000000643','P0000000643','PAGADO','2023-06-14 17:17:15'),('B0000000644','P0000000644','PAGADO','2023-06-14 17:17:15'),('B0000000645','P0000000645','PAGADO','2023-06-14 17:17:15'),('B0000000646','P0000000646','PAGADO','2023-06-14 17:17:15'),('B0000000647','P0000000647','PAGADO','2023-06-14 17:17:16'),('B0000000648','P0000000648','PAGADO','2023-06-14 17:17:16'),('B0000000649','P0000000649','PAGADO','2023-06-14 17:17:16'),('B0000000650','P0000000650','PAGADO','2023-06-14 17:17:16'),('B0000000651','P0000000651','PAGADO','2023-06-14 17:17:16'),('B0000000652','P0000000652','PAGADO','2023-06-14 17:17:17'),('B0000000653','P0000000653','PAGADO','2023-06-14 17:17:17'),('B0000000654','P0000000654','PAGADO','2023-06-14 17:17:17'),('B0000000655','P0000000655','PAGADO','2023-06-14 17:17:17'),('B0000000656','P0000000656','PAGADO','2023-06-14 17:17:18'),('B0000000657','P0000000657','PAGADO','2023-06-14 17:17:18'),('B0000000658','P0000000658','PAGADO','2023-06-14 17:17:18'),('B0000000659','P0000000659','PAGADO','2023-06-14 17:17:19'),('B0000000660','P0000000660','PAGADO','2023-06-14 17:17:19'),('B0000000661','P0000000661','PAGADO','2023-06-14 17:17:19'),('B0000000662','P0000000662','PAGADO','2023-06-14 17:17:19'),('B0000000663','P0000000663','PAGADO','2023-06-14 17:17:19'),('B0000000664','P0000000664','PAGADO','2023-06-14 17:17:19'),('B0000000665','P0000000665','PAGADO','2023-06-14 17:17:19'),('B0000000666','P0000000666','PAGADO','2023-06-14 17:17:20'),('B0000000667','P0000000667','PAGADO','2023-06-14 17:17:20'),('B0000000668','P0000000668','PAGADO','2023-06-14 17:17:20'),('B0000000669','P0000000669','PAGADO','2023-06-14 17:17:20'),('B0000000670','P0000000670','PAGADO','2023-06-14 17:17:20'),('B0000000671','P0000000671','PAGADO','2023-06-14 17:17:20'),('B0000000672','P0000000672','PAGADO','2023-06-14 17:17:21'),('B0000000673','P0000000673','PAGADO','2023-06-14 17:17:21'),('B0000000674','P0000000674','PAGADO','2023-06-14 17:17:21'),('B0000000675','P0000000675','PAGADO','2023-06-14 17:17:21'),('B0000000676','P0000000676','PAGADO','2023-06-14 17:17:21'),('B0000000677','P0000000677','PAGADO','2023-06-14 17:17:22'),('B0000000678','P0000000678','PAGADO','2023-06-14 17:17:22'),('B0000000679','P0000000679','PAGADO','2023-06-14 17:17:22'),('B0000000680','P0000000680','PAGADO','2023-06-14 17:17:22'),('B0000000681','P0000000681','PAGADO','2023-06-14 17:17:22'),('B0000000682','P0000000682','PAGADO','2023-06-14 17:17:22'),('B0000000683','P0000000683','PAGADO','2023-06-14 17:17:23'),('B0000000684','P0000000684','PAGADO','2023-06-14 17:17:23'),('B0000000685','P0000000685','PAGADO','2023-06-14 17:17:23'),('B0000000686','P0000000686','PAGADO','2023-06-14 17:17:23'),('B0000000687','P0000000687','PAGADO','2023-06-14 17:17:23'),('B0000000688','P0000000688','PAGADO','2023-06-14 17:17:24'),('B0000000689','P0000000689','PAGADO','2023-06-14 17:17:24'),('B0000000690','P0000000690','PAGADO','2023-06-14 17:17:24'),('B0000000691','P0000000691','PAGADO','2023-06-14 17:17:24'),('B0000000692','P0000000692','PAGADO','2023-06-14 17:17:25'),('B0000000693','P0000000693','PAGADO','2023-06-14 17:17:25'),('B0000000694','P0000000694','PAGADO','2023-06-14 17:17:25'),('B0000000695','P0000000695','PAGADO','2023-06-14 17:17:25'),('B0000000696','P0000000696','PAGADO','2023-06-14 17:17:26'),('B0000000697','P0000000697','PAGADO','2023-06-14 17:17:26'),('B0000000698','P0000000698','PAGADO','2023-06-14 17:17:26'),('B0000000699','P0000000699','PAGADO','2023-06-14 17:17:26'),('B0000000700','P0000000700','PAGADO','2023-06-14 17:17:26'),('B0000000701','P0000000701','PAGADO','2023-06-14 17:17:27'),('B0000000702','P0000000702','PAGADO','2023-06-14 17:17:27'),('B0000000703','P0000000703','PAGADO','2023-06-14 17:17:27'),('B0000000704','P0000000704','PAGADO','2023-06-14 17:17:27'),('B0000000705','P0000000705','PAGADO','2023-06-14 17:17:28'),('B0000000706','P0000000706','PAGADO','2023-06-14 17:17:28'),('B0000000707','P0000000707','PAGADO','2023-06-14 17:17:28'),('B0000000708','P0000000708','PAGADO','2023-06-14 17:17:28'),('B0000000709','P0000000709','PAGADO','2023-06-14 17:17:28'),('B0000000710','P0000000710','PAGADO','2023-06-14 17:17:28'),('B0000000711','P0000000711','PAGADO','2023-06-14 17:17:29'),('B0000000712','P0000000712','PAGADO','2023-06-14 17:17:29'),('B0000000713','P0000000713','PAGADO','2023-06-14 17:17:29'),('B0000000714','P0000000714','PAGADO','2023-06-14 17:17:30'),('B0000000715','P0000000715','PAGADO','2023-06-14 17:17:30'),('B0000000716','P0000000716','PAGADO','2023-06-14 17:17:30'),('B0000000717','P0000000717','PAGADO','2023-06-14 17:17:30'),('B0000000718','P0000000718','PAGADO','2023-06-14 17:17:30'),('B0000000719','P0000000719','PAGADO','2023-06-14 17:17:31'),('B0000000720','P0000000720','PAGADO','2023-06-14 17:17:31'),('B0000000721','P0000000721','PAGADO','2023-06-14 17:17:31'),('B0000000722','P0000000722','PAGADO','2023-06-14 17:17:31'),('B0000000723','P0000000723','PAGADO','2023-06-14 17:17:31'),('B0000000724','P0000000724','PAGADO','2023-06-14 17:17:31'),('B0000000725','P0000000725','PAGADO','2023-06-14 17:17:32'),('B0000000726','P0000000726','PAGADO','2023-06-14 17:17:32'),('B0000000727','P0000000727','PAGADO','2023-06-14 17:17:32'),('B0000000728','P0000000728','PAGADO','2023-06-14 17:17:32'),('B0000000729','P0000000729','PAGADO','2023-06-14 17:17:33'),('B0000000730','P0000000730','PAGADO','2023-06-14 17:17:33'),('B0000000731','P0000000731','PAGADO','2023-06-14 17:17:33'),('B0000000732','P0000000732','PAGADO','2023-06-14 17:17:33'),('B0000000733','P0000000733','PAGADO','2023-06-14 17:17:33'),('B0000000734','P0000000734','PAGADO','2023-06-14 17:17:33'),('B0000000735','P0000000735','PAGADO','2023-06-14 17:17:33'),('B0000000736','P0000000736','PAGADO','2023-06-14 17:17:34'),('B0000000737','P0000000737','PAGADO','2023-06-14 17:17:34'),('B0000000738','P0000000738','PAGADO','2023-06-14 17:17:34'),('B0000000739','P0000000739','PAGADO','2023-06-14 17:17:34'),('B0000000740','P0000000740','PAGADO','2023-06-14 17:17:34'),('B0000000741','P0000000741','PAGADO','2023-06-14 17:17:34'),('B0000000742','P0000000742','PAGADO','2023-06-14 17:17:34'),('B0000000743','P0000000743','PAGADO','2023-06-14 17:17:35'),('B0000000744','P0000000744','PAGADO','2023-06-14 17:17:35'),('B0000000745','P0000000745','PAGADO','2023-06-14 17:17:35'),('B0000000746','P0000000746','PAGADO','2023-06-14 17:17:36'),('B0000000747','P0000000747','PAGADO','2023-06-14 17:17:36'),('B0000000748','P0000000748','PAGADO','2023-06-14 17:17:36'),('B0000000749','P0000000749','PAGADO','2023-06-14 17:17:36'),('B0000000750','P0000000750','PAGADO','2023-06-14 17:17:36'),('B0000000751','P0000000751','PAGADO','2023-06-14 17:17:37'),('B0000000752','P0000000752','PAGADO','2023-06-14 17:17:37'),('B0000000753','P0000000753','PAGADO','2023-06-14 17:17:38'),('B0000000754','P0000000754','PAGADO','2023-06-14 17:17:38'),('B0000000755','P0000000755','PAGADO','2023-06-14 17:17:38'),('B0000000756','P0000000756','PAGADO','2023-06-14 17:17:38'),('B0000000757','P0000000757','PAGADO','2023-06-14 17:17:38'),('B0000000758','P0000000758','PAGADO','2023-06-14 17:17:38'),('B0000000759','P0000000759','PAGADO','2023-06-14 17:17:39'),('B0000000760','P0000000760','PAGADO','2023-06-14 17:17:39'),('B0000000761','P0000000761','PAGADO','2023-06-14 17:17:39'),('B0000000762','P0000000762','PAGADO','2023-06-14 17:17:39'),('B0000000763','P0000000763','PAGADO','2023-06-14 17:17:39'),('B0000000764','P0000000764','PAGADO','2023-06-14 17:17:40'),('B0000000765','P0000000765','PAGADO','2023-06-14 17:17:40'),('B0000000766','P0000000766','PAGADO','2023-06-14 17:17:40'),('B0000000767','P0000000767','PAGADO','2023-06-14 17:17:40'),('B0000000768','P0000000768','PAGADO','2023-06-14 17:17:40'),('B0000000769','P0000000769','PAGADO','2023-06-14 17:17:40'),('B0000000770','P0000000770','PAGADO','2023-06-14 17:17:41'),('B0000000771','P0000000771','PAGADO','2023-06-14 17:17:41'),('B0000000772','P0000000772','PAGADO','2023-06-14 17:17:41'),('B0000000773','P0000000773','PAGADO','2023-06-14 17:17:41'),('B0000000774','P0000000774','PAGADO','2023-06-14 17:17:41'),('B0000000775','P0000000775','PAGADO','2023-06-14 17:17:42'),('B0000000776','P0000000776','PAGADO','2023-06-14 17:17:42'),('B0000000777','P0000000777','PAGADO','2023-06-14 17:17:42'),('B0000000778','P0000000778','PAGADO','2023-06-14 17:17:42'),('B0000000779','P0000000779','PAGADO','2023-06-14 17:17:43'),('B0000000780','P0000000780','PAGADO','2023-06-14 17:17:43'),('B0000000781','P0000000781','PAGADO','2023-06-14 17:17:43'),('B0000000782','P0000000782','PAGADO','2023-06-14 17:17:43'),('B0000000783','P0000000783','PAGADO','2023-06-14 17:17:44'),('B0000000784','P0000000784','PAGADO','2023-06-14 17:17:44'),('B0000000785','P0000000785','PAGADO','2023-06-14 17:17:44'),('B0000000786','P0000000786','PAGADO','2023-06-14 17:17:44'),('B0000000787','P0000000787','PAGADO','2023-06-14 17:17:44'),('B0000000788','P0000000788','PAGADO','2023-06-14 17:17:44'),('B0000000789','P0000000789','PAGADO','2023-06-14 17:17:45'),('B0000000790','P0000000790','PAGADO','2023-06-14 17:17:45'),('B0000000791','P0000000791','PAGADO','2023-06-14 17:17:45'),('B0000000792','P0000000792','PAGADO','2023-06-14 17:17:45'),('B0000000793','P0000000793','PAGADO','2023-06-14 17:17:45'),('B0000000794','P0000000794','PAGADO','2023-06-14 17:17:45'),('B0000000795','P0000000795','PAGADO','2023-06-14 17:17:45'),('B0000000796','P0000000796','PAGADO','2023-06-14 17:17:46'),('B0000000797','P0000000797','PAGADO','2023-06-14 17:17:46'),('B0000000798','P0000000798','PAGADO','2023-06-14 17:17:46'),('B0000000799','P0000000799','PAGADO','2023-06-14 17:17:46'),('B0000000800','P0000000800','PAGADO','2023-06-14 17:17:46'),('B0000000801','P0000000801','PAGADO','2023-06-14 17:17:46'),('B0000000802','P0000000802','PAGADO','2023-06-14 17:17:47'),('B0000000803','P0000000803','PAGADO','2023-06-14 17:17:47'),('B0000000804','P0000000804','PAGADO','2023-06-14 17:17:47'),('B0000000805','P0000000805','PAGADO','2023-06-14 17:17:47'),('B0000000806','P0000000806','PAGADO','2023-06-14 17:17:48'),('B0000000807','P0000000807','PAGADO','2023-06-14 17:17:48'),('B0000000808','P0000000808','PAGADO','2023-06-14 17:17:48'),('B0000000809','P0000000809','PAGADO','2023-06-14 17:17:48'),('B0000000810','P0000000810','PAGADO','2023-06-14 17:17:49'),('B0000000811','P0000000811','PAGADO','2023-06-14 17:17:49'),('B0000000812','P0000000812','PAGADO','2023-06-14 17:17:49'),('B0000000813','P0000000813','PAGADO','2023-06-14 17:17:50'),('B0000000814','P0000000814','PAGADO','2023-06-14 17:17:50'),('B0000000815','P0000000815','PAGADO','2023-06-14 17:17:50'),('B0000000816','P0000000816','PAGADO','2023-06-14 17:17:50'),('B0000000817','P0000000817','PAGADO','2023-06-14 17:17:51'),('B0000000818','P0000000818','PAGADO','2023-06-14 17:17:51'),('B0000000819','P0000000819','PAGADO','2023-06-14 17:17:51'),('B0000000820','P0000000820','PAGADO','2023-06-14 17:17:51'),('B0000000821','P0000000821','PAGADO','2023-06-14 17:17:52'),('B0000000822','P0000000822','PAGADO','2023-06-14 17:17:52'),('B0000000823','P0000000823','PAGADO','2023-06-14 17:17:52'),('B0000000824','P0000000824','PAGADO','2023-06-14 17:17:53'),('B0000000825','P0000000825','PAGADO','2023-06-14 17:17:53'),('B0000000826','P0000000826','PAGADO','2023-06-14 17:17:53'),('B0000000827','P0000000827','PAGADO','2023-06-14 17:17:53'),('B0000000828','P0000000828','PAGADO','2023-06-14 17:17:53'),('B0000000829','P0000000829','PAGADO','2023-06-14 17:17:54'),('B0000000830','P0000000830','PAGADO','2023-06-14 17:17:54'),('B0000000831','P0000000831','PAGADO','2023-06-14 17:17:54'),('B0000000832','P0000000832','PAGADO','2023-06-14 17:17:54'),('B0000000833','P0000000833','PAGADO','2023-06-14 17:17:54'),('B0000000834','P0000000834','PAGADO','2023-06-14 17:17:54'),('B0000000835','P0000000835','PAGADO','2023-06-14 17:17:55'),('B0000000836','P0000000836','PAGADO','2023-06-14 17:17:55'),('B0000000837','P0000000837','PAGADO','2023-06-14 17:17:55'),('B0000000838','P0000000838','PAGADO','2023-06-14 17:17:55'),('B0000000839','P0000000839','PAGADO','2023-06-14 17:17:56'),('B0000000840','P0000000840','PAGADO','2023-06-14 17:17:56'),('B0000000841','P0000000841','PAGADO','2023-06-14 17:17:56'),('B0000000842','P0000000842','PAGADO','2023-06-14 17:17:56'),('B0000000843','P0000000843','PAGADO','2023-06-14 17:17:57'),('B0000000844','P0000000844','PAGADO','2023-06-14 17:17:57'),('B0000000845','P0000000845','PAGADO','2023-06-14 17:17:57'),('B0000000846','P0000000846','PAGADO','2023-06-14 17:17:57'),('B0000000847','P0000000847','PAGADO','2023-06-14 17:17:58'),('B0000000848','P0000000848','PAGADO','2023-06-14 17:17:58'),('B0000000849','P0000000849','PAGADO','2023-06-14 17:17:58'),('B0000000850','P0000000850','PAGADO','2023-06-14 17:17:58'),('B0000000851','P0000000851','PAGADO','2023-06-14 17:17:58'),('B0000000852','P0000000852','PAGADO','2023-06-14 17:17:59'),('B0000000853','P0000000853','PAGADO','2023-06-14 17:17:59'),('B0000000854','P0000000854','PAGADO','2023-06-14 17:17:59'),('B0000000855','P0000000855','PAGADO','2023-06-14 17:17:59'),('B0000000856','P0000000856','PAGADO','2023-06-14 17:18:00'),('B0000000857','P0000000857','PAGADO','2023-06-14 17:18:00'),('B0000000858','P0000000858','PAGADO','2023-06-14 17:18:00'),('B0000000859','P0000000859','PAGADO','2023-06-14 17:18:00'),('B0000000860','P0000000860','PAGADO','2023-06-14 17:18:00'),('B0000000861','P0000000861','PAGADO','2023-06-14 17:18:01'),('B0000000862','P0000000862','PAGADO','2023-06-14 17:18:01'),('B0000000863','P0000000863','PAGADO','2023-06-14 17:18:01'),('B0000000864','P0000000864','PAGADO','2023-06-14 17:18:01'),('B0000000865','P0000000865','PAGADO','2023-06-14 17:18:01'),('B0000000866','P0000000866','PAGADO','2023-06-14 17:18:02'),('B0000000867','P0000000867','PAGADO','2023-06-14 17:18:02'),('B0000000868','P0000000868','PAGADO','2023-06-14 17:18:02'),('B0000000869','P0000000869','PAGADO','2023-06-14 17:18:02'),('B0000000870','P0000000870','PAGADO','2023-06-14 17:18:03'),('B0000000871','P0000000871','PAGADO','2023-06-14 17:18:03'),('B0000000872','P0000000872','PAGADO','2023-06-14 17:18:03'),('B0000000873','P0000000873','PAGADO','2023-06-14 17:18:04'),('B0000000874','P0000000874','PAGADO','2023-06-14 17:18:04'),('B0000000875','P0000000875','PAGADO','2023-06-14 17:18:04'),('B0000000876','P0000000876','PAGADO','2023-06-14 17:18:04'),('B0000000877','P0000000877','PAGADO','2023-06-14 17:18:04'),('B0000000878','P0000000878','PAGADO','2023-06-14 17:18:05'),('B0000000879','P0000000879','PAGADO','2023-06-14 17:18:05'),('B0000000880','P0000000880','PAGADO','2023-06-14 17:18:05'),('B0000000881','P0000000881','PAGADO','2023-06-14 17:18:05'),('B0000000882','P0000000882','PAGADO','2023-06-14 17:18:06'),('B0000000883','P0000000883','PAGADO','2023-06-14 17:18:06'),('B0000000884','P0000000884','PAGADO','2023-06-14 17:18:06'),('B0000000885','P0000000885','PAGADO','2023-06-14 17:18:07'),('B0000000886','P0000000886','PAGADO','2023-06-14 17:18:07'),('B0000000887','P0000000887','PAGADO','2023-06-14 17:18:07'),('B0000000888','P0000000888','NO PAGADO','2023-06-14 17:18:07'),('B0000000889','P0000000889','NO PAGADO','2023-06-14 17:18:08'),('B0000000890','P0000000890','NO PAGADO','2023-06-14 17:18:08'),('B0000000891','P0000000891','NO PAGADO','2023-06-14 17:18:08'),('B0000000892','P0000000892','NO PAGADO','2023-06-14 17:18:08'),('B0000000893','P0000000893','NO PAGADO','2023-06-14 17:18:09'),('B0000000894','P0000000894','NO PAGADO','2023-06-14 17:18:09'),('B0000000895','P0000000895','NO PAGADO','2023-06-14 17:18:09'),('B0000000896','P0000000896','NO PAGADO','2023-06-14 17:18:10'),('B0000000897','P0000000897','NO PAGADO','2023-06-14 17:18:10'),('B0000000898','P0000000898','NO PAGADO','2023-06-14 17:18:11'),('B0000000899','P0000000899','NO PAGADO','2023-06-14 17:18:11'),('B0000000900','P0000000900','NO PAGADO','2023-06-14 17:18:12'),('B0000000901','P0000000901','NO PAGADO','2023-06-14 17:18:12'),('B0000000902','P0000000902','NO PAGADO','2023-06-14 17:18:12'),('B0000000903','P0000000903','NO PAGADO','2023-06-14 17:18:12'),('B0000000904','P0000000904','NO PAGADO','2023-06-14 17:18:12'),('B0000000905','P0000000905','NO PAGADO','2023-06-14 17:18:13'),('B0000000906','P0000000906','NO PAGADO','2023-06-14 17:18:13'),('B0000000907','P0000000907','NO PAGADO','2023-06-14 17:18:13'),('B0000000908','P0000000908','NO PAGADO','2023-06-14 17:18:13'),('B0000000909','P0000000909','NO PAGADO','2023-06-14 17:18:13'),('B0000000910','P0000000910','NO PAGADO','2023-06-14 17:18:14'),('B0000000911','P0000000911','NO PAGADO','2023-06-14 17:18:14'),('B0000000912','P0000000912','NO PAGADO','2023-06-14 17:18:14'),('B0000000913','P0000000913','NO PAGADO','2023-06-14 17:18:15'),('B0000000914','P0000000914','NO PAGADO','2023-06-14 17:18:15'),('B0000000915','P0000000915','NO PAGADO','2023-06-14 17:18:15'),('B0000000916','P0000000916','NO PAGADO','2023-06-14 17:18:15'),('B0000000917','P0000000917','NO PAGADO','2023-06-14 17:18:15'),('B0000000918','P0000000918','NO PAGADO','2023-06-14 17:18:15'),('B0000000919','P0000000919','NO PAGADO','2023-06-14 17:18:15'),('B0000000920','P0000000920','NO PAGADO','2023-06-14 17:18:16'),('B0000000921','P0000000921','NO PAGADO','2023-06-14 17:18:16'),('B0000000922','P0000000922','NO PAGADO','2023-06-14 17:18:16'),('B0000000923','P0000000923','NO PAGADO','2023-06-14 17:18:16'),('B0000000924','P0000000924','NO PAGADO','2023-06-14 17:18:16'),('B0000000925','P0000000925','NO PAGADO','2023-06-14 17:18:17'),('B0000000926','P0000000926','NO PAGADO','2023-06-14 17:18:17'),('B0000000927','P0000000927','NO PAGADO','2023-06-14 17:18:17'),('B0000000928','P0000000928','NO PAGADO','2023-06-14 17:18:17'),('B0000000929','P0000000929','NO PAGADO','2023-06-14 17:18:17'),('B0000000930','P0000000930','NO PAGADO','2023-06-14 17:18:18'),('B0000000931','P0000000931','NO PAGADO','2023-06-14 17:18:18'),('B0000000932','P0000000932','NO PAGADO','2023-06-14 17:18:18'),('B0000000933','P0000000933','NO PAGADO','2023-06-14 17:18:18'),('B0000000934','P0000000934','NO PAGADO','2023-06-14 17:18:18'),('B0000000935','P0000000935','NO PAGADO','2023-06-14 17:18:18'),('B0000000936','P0000000936','NO PAGADO','2023-06-14 17:18:19'),('B0000000937','P0000000937','NO PAGADO','2023-06-14 17:18:19'),('B0000000938','P0000000938','NO PAGADO','2023-06-14 17:18:19'),('B0000000939','P0000000939','NO PAGADO','2023-06-14 17:18:19'),('B0000000940','P0000000940','NO PAGADO','2023-06-14 17:18:20'),('B0000000941','P0000000941','NO PAGADO','2023-06-14 17:18:20'),('B0000000942','P0000000942','NO PAGADO','2023-06-14 17:18:20'),('B0000000943','P0000000943','NO PAGADO','2023-06-14 17:18:21'),('B0000000944','P0000000944','NO PAGADO','2023-06-14 17:18:21'),('B0000000945','P0000000945','NO PAGADO','2023-06-14 17:18:21'),('B0000000946','P0000000946','NO PAGADO','2023-06-14 17:18:21'),('B0000000947','P0000000947','NO PAGADO','2023-06-14 17:18:22'),('B0000000948','P0000000948','NO PAGADO','2023-06-14 17:18:22'),('B0000000949','P0000000949','NO PAGADO','2023-06-14 17:18:22'),('B0000000950','P0000000950','NO PAGADO','2023-06-14 17:18:22'),('B0000000951','P0000000951','NO PAGADO','2023-06-14 17:18:23'),('B0000000952','P0000000952','NO PAGADO','2023-06-14 17:18:23'),('B0000000953','P0000000953','NO PAGADO','2023-06-14 17:18:24'),('B0000000954','P0000000954','NO PAGADO','2023-06-14 17:18:24'),('B0000000955','P0000000955','NO PAGADO','2023-06-14 17:18:24'),('B0000000956','P0000000956','NO PAGADO','2023-06-14 17:18:24'),('B0000000957','P0000000957','NO PAGADO','2023-06-14 17:18:24'),('B0000000958','P0000000958','NO PAGADO','2023-06-14 17:18:25'),('B0000000959','P0000000959','NO PAGADO','2023-06-14 17:18:25'),('B0000000960','P0000000960','NO PAGADO','2023-06-14 17:18:25'),('B0000000961','P0000000961','NO PAGADO','2023-06-14 17:18:25'),('B0000000962','P0000000962','NO PAGADO','2023-06-14 17:18:25'),('B0000000963','P0000000963','NO PAGADO','2023-06-14 17:18:26'),('B0000000964','P0000000964','NO PAGADO','2023-06-14 17:18:26'),('B0000000965','P0000000965','NO PAGADO','2023-06-14 17:18:26'),('B0000000966','P0000000966','NO PAGADO','2023-06-14 17:18:27'),('B0000000967','P0000000967','NO PAGADO','2023-06-14 17:18:27'),('B0000000968','P0000000968','NO PAGADO','2023-06-14 17:18:27'),('B0000000969','P0000000969','NO PAGADO','2023-06-14 17:18:28'),('B0000000970','P0000000970','NO PAGADO','2023-06-14 17:18:28'),('B0000000971','P0000000971','NO PAGADO','2023-06-14 17:18:28'),('B0000000972','P0000000972','NO PAGADO','2023-06-14 17:18:28'),('B0000000973','P0000000973','NO PAGADO','2023-06-14 17:18:29'),('B0000000974','P0000000974','NO PAGADO','2023-06-14 17:18:29'),('B0000000975','P0000000975','NO PAGADO','2023-06-14 17:18:30'),('B0000000976','P0000000976','NO PAGADO','2023-06-14 17:18:30'),('B0000000977','P0000000977','NO PAGADO','2023-06-14 17:18:30'),('B0000000978','P0000000978','NO PAGADO','2023-06-14 17:18:30'),('B0000000979','P0000000979','NO PAGADO','2023-06-14 17:18:31'),('B0000000980','P0000000980','NO PAGADO','2023-06-14 17:18:31'),('B0000000981','P0000000981','NO PAGADO','2023-06-14 17:18:31'),('B0000000982','P0000000982','NO PAGADO','2023-06-14 17:18:31'),('B0000000983','P0000000983','NO PAGADO','2023-06-14 17:18:32'),('B0000000984','P0000000984','NO PAGADO','2023-06-14 17:18:32'),('B0000000985','P0000000985','NO PAGADO','2023-06-14 17:18:32'),('B0000000986','P0000000986','NO PAGADO','2023-06-14 17:18:32'),('B0000000987','P0000000987','NO PAGADO','2023-06-14 17:18:33'),('B0000000988','P0000000988','NO PAGADO','2023-06-14 17:18:33'),('B0000000989','P0000000989','NO PAGADO','2023-06-14 17:18:33'),('B0000000990','P0000000990','NO PAGADO','2023-06-14 17:18:33'),('B0000000991','P0000000991','NO PAGADO','2023-06-14 17:18:34'),('B0000000992','P0000000992','NO PAGADO','2023-06-14 17:18:34'),('B0000000993','P0000000993','NO PAGADO','2023-06-14 17:18:34'),('B0000000994','P0000000994','NO PAGADO','2023-06-14 17:18:34'),('B0000000995','P0000000995','NO PAGADO','2023-06-14 17:18:35'),('B0000000996','P0000000996','NO PAGADO','2023-06-14 17:18:35'),('B0000000997','P0000000997','NO PAGADO','2023-06-14 17:18:35'),('B0000000998','P0000000998','NO PAGADO','2023-06-14 17:18:35'),('B0000000999','P0000000999','NO PAGADO','2023-06-14 17:18:36'),('B0000001000','P0000001000','NO PAGADO','2023-06-14 17:18:36');
/*!40000 ALTER TABLE `Boleta` ENABLE KEYS */;
UNLOCK TABLES;
/*!50003 SET @saved_cs_client      = @@character_set_client */ ;
/*!50003 SET @saved_cs_results     = @@character_set_results */ ;
/*!50003 SET @saved_col_connection = @@collation_connection */ ;
/*!50003 SET character_set_client  = utf8mb4 */ ;
/*!50003 SET character_set_results = utf8mb4 */ ;
/*!50003 SET collation_connection  = utf8mb4_0900_ai_ci */ ;
/*!50003 SET @saved_sql_mode       = @@sql_mode */ ;
/*!50003 SET sql_mode              = 'NO_ENGINE_SUBSTITUTION' */ ;
DELIMITER ;;
/*!50003 CREATE*/ /*!50017 DEFINER=`daisl07_dsiproyecto03`@`%`*/ /*!50003 TRIGGER `ActualizarFechaBoleta` BEFORE INSERT ON `Boleta` FOR EACH ROW BEGIN
    SET NEW.FechaHora = CURRENT_TIMESTAMP();
END */;;
DELIMITER ;
/*!50003 SET sql_mode              = @saved_sql_mode */ ;
/*!50003 SET character_set_client  = @saved_cs_client */ ;
/*!50003 SET character_set_results = @saved_cs_results */ ;
/*!50003 SET collation_connection  = @saved_col_connection */ ;

--
-- Table structure for table `Categoria`
--

DROP TABLE IF EXISTS `Categoria`;
/*!40101 SET @saved_cs_client     = @@character_set_client */;
/*!50503 SET character_set_client = utf8mb4 */;
CREATE TABLE `Categoria` (
  `IdCategoria` varchar(11) NOT NULL,
  `Nombre` varchar(50) DEFAULT NULL,
  `Descripcion` varchar(50) DEFAULT NULL,
  PRIMARY KEY (`IdCategoria`)
) ENGINE=InnoDB DEFAULT CHARSET=utf8mb4 COLLATE=utf8mb4_0900_ai_ci;
/*!40101 SET character_set_client = @saved_cs_client */;

--
-- Dumping data for table `Categoria`
--

LOCK TABLES `Categoria` WRITE;
/*!40000 ALTER TABLE `Categoria` DISABLE KEYS */;
INSERT INTO `Categoria` VALUES ('CAT001','Tacos','Incluye diferentes variedades de tacos'),('CAT002','Sandwiches','Comprende una variedad de opciones de sandwiches'),('CAT003','Bebidas calientes','Engloba diferentes opciones de bebidas calientes'),('CAT004','Bebidas fras','Incluye opciones refrescantes de bebidas fras');
/*!40000 ALTER TABLE `Categoria` ENABLE KEYS */;
UNLOCK TABLES;
/*!50003 SET @saved_cs_client      = @@character_set_client */ ;
/*!50003 SET @saved_cs_results     = @@character_set_results */ ;
/*!50003 SET @saved_col_connection = @@collation_connection */ ;
/*!50003 SET character_set_client  = utf8mb4 */ ;
/*!50003 SET character_set_results = utf8mb4 */ ;
/*!50003 SET collation_connection  = utf8mb4_0900_ai_ci */ ;
/*!50003 SET @saved_sql_mode       = @@sql_mode */ ;
/*!50003 SET sql_mode              = 'NO_ENGINE_SUBSTITUTION' */ ;
DELIMITER ;;
/*!50003 CREATE*/ /*!50017 DEFINER=`daisl07_dsiproyecto03`@`%`*/ /*!50003 TRIGGER `generar_IdCategoria` BEFORE INSERT ON `Categoria` FOR EACH ROW BEGIN
    DECLARE ultimo_id INT;
    DECLARE nuevo_id VARCHAR(11);
    
    -- Obtener el ltimo ID insertado
    SELECT SUBSTRING(IdCategoria, 4) INTO ultimo_id
    FROM Categoria
    ORDER BY IdCategoria DESC
    LIMIT 1;
    
    -- Generar el nuevo ID
    IF ultimo_id IS NULL THEN
        SET nuevo_id = 'CAT001';
    ELSE
        SET nuevo_id = CONCAT('CAT', LPAD(ultimo_id + 1, 3, '0'));
    END IF;
    
    -- Asignar el nuevo ID a la fila a insertar
    SET NEW.IdCategoria = nuevo_id;
END */;;
DELIMITER ;
/*!50003 SET sql_mode              = @saved_sql_mode */ ;
/*!50003 SET character_set_client  = @saved_cs_client */ ;
/*!50003 SET character_set_results = @saved_cs_results */ ;
/*!50003 SET collation_connection  = @saved_col_connection */ ;

--
-- Table structure for table `Cliente`
--

DROP TABLE IF EXISTS `Cliente`;
/*!40101 SET @saved_cs_client     = @@character_set_client */;
/*!50503 SET character_set_client = utf8mb4 */;
CREATE TABLE `Cliente` (
  `IdCliente` varchar(11) NOT NULL,
  `Nombre` varchar(50) DEFAULT NULL,
  `TipoDocumento` varchar(20) DEFAULT NULL,
  `NumDocumento` varchar(15) DEFAULT NULL,
  PRIMARY KEY (`IdCliente`)
) ENGINE=InnoDB DEFAULT CHARSET=utf8mb4 COLLATE=utf8mb4_0900_ai_ci;
/*!40101 SET character_set_client = @saved_cs_client */;

--
-- Dumping data for table `Cliente`
--

LOCK TABLES `Cliente` WRITE;
/*!40000 ALTER TABLE `Cliente` DISABLE KEYS */;
INSERT INTO `Cliente` VALUES ('C0000000001','Jaime','DNI','134879855'),('C0000000002','Torrez Salas Gerardo','DNI','446546544'),('C0000000003','Severo Granados Iglesia','DNI','111451620'),('C0000000004','Lucho Andreu Amat','DNI','721213330'),('C0000000005','Matas Mauricio Castillo Barrera','DNI','711692510'),('C0000000006','Mauricio Guijarro Castell','DNI','468147270'),('C0000000007','Isaura Leyre Avils Pelayo','DNI','111434140'),('C0000000008','Soraya Morera-Lago','DNI','448351120'),('C0000000009','Victoriano Tapia-Cabanillas','DNI','479368550'),('C0000000010','Nidia Saez Campoy','DNI','411914590'),('C0000000011','Tefila Villanueva Molina','DNI','718121350'),('C0000000012','Trini de Alberdi','DNI','411199260'),('C0000000013','Dani Baena','DNI','136747790'),('C0000000014','Angelina de Arregui','DNI','741678730'),('C0000000015','Samuel de Carranza','DNI','753636660'),('C0000000016','Jacinta Montenegro Garcs','DNI','418866820'),('C0000000017','Lisandro Delgado Nadal','DNI','481191240'),('C0000000018','Samanta Manjn Godoy','DNI','418618140'),('C0000000019','Albano Teodosio Caete Rosa','DNI','464816370'),('C0000000020','Abel Villanueva','DNI','422913120'),('C0000000021','Bienvenida Pulido Czar','DNI','421413920'),('C0000000022','Patricio Manzano Pomares','DNI','448923810'),('C0000000023','Modesto de Casares','DNI','416191190'),('C0000000024','Berto del Morales','DNI','316634930'),('C0000000025','Nuria Daniela Juregui Tejero','DNI','184465160'),('C0000000026','Anastasia Pedrero Solera','DNI','411184960'),('C0000000027','Purificacin Salom Ferrn Valero','DNI','178553430'),('C0000000028','Melania Cobos Lozano','DNI','412913140'),('C0000000029','Evangelina Font Lago','DNI','0715814610'),('C0000000030','Otilia Mercader Jimenez','DNI','0276818150'),('C0000000031','Nadia Reyes-Bosch','DNI','0444686610'),('C0000000032','Mireia Crdoba Pi','DNI','0181316160'),('C0000000033','Melisa Rueda Rosado','DNI','0175283140'),('C0000000034','Trini Sanabria-Fras','DNI','0153263530'),('C0000000035','Luca Manola Briones Jove','DNI','0111596160'),('C0000000036','Natalio Pereira Barrio','DNI','0281156240'),('C0000000037','Nerea Alcalde Sol','DNI','0167463110'),('C0000000038','Gracia Goicoechea Alba','DNI','0415224940'),('C0000000039','Too Hidalgo Blzquez','DNI','0428137290'),('C0000000040','Cndida Sedano Jimnez','DNI','0426991160'),('C0000000041','Eutimio Barreda Cobos','DNI','0419616150'),('C0000000042','Rosario Yuste Falcn','DNI','0712415210'),('C0000000043','Encarnacion Espaol Ocaa','DNI','0721423540'),('C0000000044','Magdalena Vilaplana Esteve','DNI','0181993440'),('C0000000045','Adelardo Novoa','DNI','0715243970'),('C0000000046','Adoracin Rovira Zabala','DNI','0186937160'),('C0000000047','Ovidio Lamas','DNI','0477479270'),('C0000000048','Reyes Julin Nogus','DNI','0153747180'),('C0000000049','Adoracin Jurado Clemente','DNI','0765141840'),('C0000000050','Plcido Zabala Feijoo','DNI','0446386850'),('C0000000051','Abel Alex Cueto Lpez','DNI','0778176950'),('C0000000052','Miguela Sanmiguel Paz','DNI','0456323730'),('C0000000053','Narcisa Villaverde Montes','DNI','0176362940'),('C0000000054','Leonardo Aller Bermdez','DNI','0462451760'),('C0000000055','Javiera Bartolom Torrens','DNI','119825110'),('C0000000056','Mara Carmen de Fuster','DNI','758876360'),('C0000000057','Adn Fonseca Marin','DNI','452114890'),('C0000000058','Adalberto de Fabra','DNI','426445830'),('C0000000059','Rosalinda Jaume Romero','DNI','441917950'),('C0000000060','Abigal Enrquez Carreras','DNI','451314810'),('C0000000061','frica Morcillo','DNI','767458510'),('C0000000062','Gilberto Crdenas-Esparza','DNI','434493510'),('C0000000063','Marisela Posada Jover','DNI','451235490'),('C0000000064','Begoa Claudia Coello Zabaleta','DNI','722538530'),('C0000000065','Marcos Arregui Sainz','DNI','484612520'),('C0000000066','Vencesls Sastre Pealver','DNI','119832120'),('C0000000067','Febe Amaya','DNI','166756690'),('C0000000068','Quirino Granados Verdugo','DNI','429325490'),('C0000000069','Imelda de Perea','DNI','473117890'),('C0000000070','Isidora de Crespi','DNI','181212590'),('C0000000071','Balduino Martin guila','DNI','415323410'),('C0000000072','Casandra Ramrez Canet','DNI','478111130'),('C0000000073','Eustaquio Vigil Gil','DNI','419718110'),('C0000000074','Elvira del Espinosa','DNI','435765490'),('C0000000075','Pa Huertas Manzanares','DNI','311371140'),('C0000000076','Alberto Salas Bez','DNI','464131410'),('C0000000077','Sol Rosales Calvo','DNI','484428320'),('C0000000078','Guiomar Folch Sanjuan','DNI','721341230'),('C0000000079','Nidia Pardo-Nuez','DNI','191892260'),('C0000000080','Emperatriz Sabina Pastor Pedrero','DNI','711544970'),('C0000000081','Ximena Jurado-Mata','DNI','477546780'),('C0000000082','Eugenio Aranda Falcn','DNI','482586110'),('C0000000083','Felicia del Palomo','DNI','741348680'),('C0000000084','Abel Uribe Cerro','DNI','239178820'),('C0000000085','Andrs Felipe Prado-Infante','DNI','741551150'),('C0000000086','Jordi de Perea','DNI','152732880'),('C0000000087','Ricarda Escriv Cervera','DNI','448339130'),('C0000000088','Socorro Morales Guerrero','DNI','812711350'),('C0000000089','Asuncin gata Gutierrez Morera','DNI','719897660'),('C0000000090','Jess Fras Ibez','DNI','458524520'),('C0000000091','Teodosio Nio','DNI','111161640'),('C0000000092','Susana Vizcano Nuez','DNI','428866760'),('C0000000093','Abilio Cullar Rovira','DNI','111275220'),('C0000000094','Adora Alberto Rebollo','DNI','766113210'),('C0000000095','Primitivo Jan Garcs','DNI','111462940'),('C0000000096','Delfina Donoso','DNI','714831580'),('C0000000097','Julio Fuster Vigil','DNI','416884860'),('C0000000098','Cintia Carballo-Bayona','DNI','424682830'),('C0000000099','Fortunata Pascual Ribas','DNI','482883440'),('C0000000100','Lilia Figuerola Bauz','DNI','421713720'),('C0000000101','Pili Morell-Oliver','DNI','711582840'),('C0000000102','Estrella Peas Benito','DNI','468151850'),('C0000000103','Mara ngeles Roura Carnero','DNI','448441120'),('C0000000104','Violeta Violeta Lamas Sarabia','DNI','424138520'),('C0000000105','Ruben Marquez Belda','DNI','466156280'),('C0000000106','Manola Criado','DNI','615693930'),('C0000000107','Rita Asensio Salgado','DNI','745878640'),('C0000000108','Daniela Cabello Valls','DNI','451578860'),('C0000000109','Nicolasa Aurelia Lasa Puig','DNI','411379310'),('C0000000110','Jonatan Trillo Larraaga','DNI','481943310'),('C0000000111','Jose Francisco Alvarado Pombo','DNI','716153150'),('C0000000112','Samanta Casandra Borrell Maestre','DNI','118611470'),('C0000000113','Emilia Mara Luisa Lluch Vives','DNI','458476350'),('C0000000114','Esteban Guilln Mena','DNI','734641220'),('C0000000115','Josu Rocha Juan','DNI','114879520'),('C0000000116','Encarnacin Alemn-Prats','DNI','111541620'),('C0000000117','Celia Verd','DNI','452115130'),('C0000000118','Espiridin del Vias','DNI','711239580'),('C0000000119','Melania Lobato-Mena','DNI','111516950'),('C0000000120','Sosimo Roig Bayo','DNI','458648410'),('C0000000121','Abel Carrasco-Belda','DNI','417199770'),('C0000000122','Alicia Celestina Ibez Santana','DNI','413311890'),('C0000000123','Conrado Torre','DNI','712211950'),('C0000000124','Leoncio Pombo Nadal','DNI','467111440'),('C0000000125','Marcia Tomas','DNI','445826570'),('C0000000126','Aurelia del Ocaa','DNI','166179720'),('C0000000127','Porfirio Cases Fabregat','DNI','422569520'),('C0000000128','Maristela Mrmol','DNI','452516110'),('C0000000129','Leticia Azorin Cortina','DNI','419228710'),('C0000000130','Rgulo de Sacristn','DNI','727179490'),('C0000000131','Esteban del Miz','DNI','417856210'),('C0000000132','Trinidad Exposito Abella','DNI','439956690'),('C0000000133','Pnfilo Ortiz Pardo','DNI','156211440'),('C0000000134','Glauco Llorens lvarez','DNI','156326590'),('C0000000135','Susanita Zaragoza Higueras','DNI','718142750'),('C0000000136','Ileana Asuncin Beltran Samper','DNI','753215550'),('C0000000137','Chus Merino Casas','DNI','418391150'),('C0000000138','Carmina Cervera','DNI','454812910'),('C0000000139','Curro Coello Izaguirre','DNI','119272150'),('C0000000140','Mario Roldn','DNI','747139810'),('C0000000141','Jesusa Fuentes','DNI','752146110'),('C0000000142','scar Dominguez Mayol','DNI','455262880'),('C0000000143','Angelino Contreras Pi','DNI','721769110'),('C0000000144','Rafa Camino Perell','DNI','435821110'),('C0000000145','Aura Vidal-Roma','DNI','111474730'),('C0000000146','Lara Jordana Ballester Llad','DNI','441873210'),('C0000000147','Anbal Castell Sarabia','DNI','753531180'),('C0000000148','Adriana Higueras Ribes','DNI','425159630'),('C0000000149','Ernesto Cuadrado Mesa','DNI','711616110'),('C0000000150','Estela Ponce-Losada','DNI','622143910'),('C0000000151','Luis Miguel del Tapia','DNI','176217180'),('C0000000152','Elpidio Agullo Tejero','DNI','763558510'),('C0000000153','Mara Carmen Rdenas Acosta','DNI','763558520'),('C0000000154','Lucas Vendrell Valverde','DNI','731193730'),('C0000000155','Gerardo Tom Real','DNI','133313510'),('C0000000156','Elas Sacristn Vzquez','DNI','471166810'),('C0000000157','Victoriano Valencia Coloma','DNI','467429820'),('C0000000158','Vera Ribes-Cases','DNI','434171380'),('C0000000159','Ligia Moya Calleja','DNI','454673870'),('C0000000160','Evangelina Barragn Castell','DNI','119676170'),('C0000000161','Florencia Domitila Castell Mendizbal','DNI','436641580'),('C0000000162','Javier Arellano-Murcia','DNI','156193160'),('C0000000163','Aurelia Sans Oller','DNI','119663640'),('C0000000164','Teodora Jerez Tormo','DNI','429656390'),('C0000000165','Cornelio Noguera Lluch','DNI','477251650'),('C0000000166','Carla Serna Montalbn','DNI','477241650'),('C0000000167','Macarena Valeria Feliu Mayol','DNI','461122510'),('C0000000168','Jacinta Paz Domingo Rivas','DNI','296213280'),('C0000000169','Victor Manuel Tejedor Nevado','DNI','453711170'),('C0000000170','Blanca Molina Francisco','DNI','452659220'),('C0000000171','Jonatan Fonseca Quevedo','DNI','164111680'),('C0000000172','Humberto Vila','DNI','456972710'),('C0000000173','Isaura Fuentes Guardiola','DNI','462181540'),('C0000000174','Rufina Vargas Andres','DNI','441214250'),('C0000000175','Reinaldo Barral Lago','DNI','753611160'),('C0000000176','Jose Ignacio Vila-Rios','DNI','417617550'),('C0000000177','Roberto Cnovas Segura','DNI','128999530'),('C0000000178','Rmulo Ortega-Giner','DNI','115183360'),('C0000000179','Gastn Leon Solana','DNI','733891160'),('C0000000180','Emilia Jove-Ropero','DNI','477177830'),('C0000000181','Calixto Pinedo Torrijos','DNI','282933490'),('C0000000182','Ciro Ledesma Bru','DNI','118339320'),('C0000000183','Dora del Segarra','DNI','111427750'),('C0000000184','Juan Bautista de Salazar','DNI','428118180'),('C0000000185','Narciso del Anaya','DNI','763987250'),('C0000000186','Martirio Reina Malo Alonso','DNI','416743670'),('C0000000187','Maximiliano Maestre Mendizbal','DNI','415188610'),('C0000000188','Noa Dominguez-Llorente','DNI','731674480'),('C0000000189','Miguel Mur Cruz','DNI','411566460'),('C0000000190','Gala Gimenez-Lasa','DNI','433857160'),('C0000000191','Saturnino Palacios Lamas','DNI','431299840'),('C0000000192','Ariel Castellanos Bauz','DNI','453794310'),('C0000000193','Trinidad Salas Gimenez','DNI','421797710'),('C0000000194','Adalberto del Seco','DNI','431111730'),('C0000000195','Eustaquio Palacios Francisco','DNI','413414950'),('C0000000196','Susana Castro Ruiz','DNI','477771140'),('C0000000197','Emelina Melisa Palau Seco','DNI','459213280'),('C0000000198','Sandalio Baeza Grande','DNI','415188690'),('C0000000199','Gregorio Guerrero Palomino','DNI','415198690'),('C0000000200','Socorro de Higueras','DNI','443746630'),('C0000000201','Otilia Viana Torres','DNI','469868920'),('C0000000202','Lus Guzman Alsina','DNI','215223940'),('C0000000203','Julie Rosa Lumbreras','DNI','166641590'),('C0000000204','Samu Paulino Fabra Galvez','DNI','782113270'),('C0000000205','Vicente Egea Sanchez','DNI','167193130'),('C0000000206','Juan Carlos del Cordero','DNI','446461290'),('C0000000207','Carla Blanes Espaa','DNI','765152270'),('C0000000208','Toribio Herranz Jurado','DNI','138629920'),('C0000000209','Amrica Rosell Ferrndiz','DNI','138845690'),('C0000000210','Ins Calderon Suarez','DNI','478426670'),('C0000000211','Trinidad Leiva Ribera','DNI','463831190'),('C0000000212','Luisa Saldaa Pieiro','DNI','732416510'),('C0000000213','Yago Diez Melndez','DNI','411777490'),('C0000000214','Alberto Rius Rius','DNI','411191560'),('C0000000215','Beatriz Jimenez Antn','DNI','474471950'),('C0000000216','Adolfo Gaya Canales','DNI','437177710'),('C0000000217','Tefilo de Nuez','DNI','075114787'),('C0000000218','Bruno Cabezas Cordero','DNI','043998252'),('C0000000219','Pepe Juanito Adn Anaya','DNI','046952314'),('C0000000220','Isabela Sol Nuez','DNI','076214779'),('C0000000221','Amaya Izquierdo Gonzalo','DNI','044218151'),('C0000000222','Gervasio del Galn','DNI','045766961'),('C0000000223','Isaac Pujol-Yez','DNI','043182324'),('C0000000224','Valerio Valentn Cspedes','DNI','043113957'),('C0000000225','Cleto Benito Mendizbal','DNI','076862614'),('C0000000226','Erasmo Cabeza Martinez','DNI','043199638'),('C0000000227','Quirino Rosario Vzquez Carvajal','DNI','041622536'),('C0000000228','Marcos Alcntara Codina','DNI','047798138'),('C0000000229','Paloma Abascal Lled','DNI','073119755'),('C0000000230','Ana Sofa Nadal-Campo','DNI','046217297'),('C0000000231','Estela Cases Peral','DNI','044489568'),('C0000000232','Borja Dez-Zorrilla','DNI','022287532'),('C0000000233','Eva Mara de Bertrn','DNI','043956294'),('C0000000234','Elena del Tom','DNI','048134331'),('C0000000235','Ivn de Manzanares','DNI','041381618'),('C0000000236','Adelina Roma Feijoo','DNI','061814121'),('C0000000237','Joel Estvez','DNI','018122626'),('C0000000238','rsula Anabel Expsito Vazquez','DNI','042929791'),('C0000000239','Manuelita Gilabert Manjn','DNI','041694138'),('C0000000240','Amparo Galvn Polo','DNI','017142464'),('C0000000241','Amparo del Ayuso','DNI','019591196'),('C0000000242','Anglica del Ortuo','DNI','011967749'),('C0000000243','Amalia Itziar Sebastin Revilla','DNI','046184313'),('C0000000244','Amrica Morn Pealver','DNI','013877639'),('C0000000245','Elisa de Chaparro','DNI','041413417'),('C0000000246','Nieves Llad','DNI','046215574'),('C0000000247','Juan Antonio Benet','DNI','072911717'),('C0000000248','Gustavo Barber Fras','DNI','072197627'),('C0000000249','Eliana Pacheco Ponce','DNI','041669145'),('C0000000250','Dalila Pino Verd','DNI','077199352'),('C0000000251','Marciano Daz','DNI','072641469'),('C0000000252','Timoteo Pinilla Caldern','DNI','042331712'),('C0000000253','Malena Roma Barrena','DNI','019866545'),('C0000000254','Silvia Len Duque','DNI','075324571'),('C0000000255','Ema del Garrido','DNI','013884942'),('C0000000256','Eva Gonzlez Cano','DNI','041725639'),('C0000000257','Eutropio Sedano Cabanillas','DNI','047331181'),('C0000000258','Dafne Cerdn Pujol','DNI','073972513'),('C0000000259','scar de Mascar','DNI','076958414'),('C0000000260','Catalina Peralta Patio','DNI','071161751'),('C0000000261','Brbara Elorza Jord','DNI','046958284'),('C0000000262','Loreto Burgos','DNI','072173717'),('C0000000263','Estela Marquez Arce','DNI','076619461'),('C0000000264','Paloma Segarra Menndez','DNI','027719279'),('C0000000265','Claudio Maximino Cobos Crdoba','DNI','045845991'),('C0000000266','Josefina Rey Melndez','DNI','041996189'),('C0000000267','Nilda de Garrido','DNI','075618738'),('C0000000268','Gregorio Llabrs-Rebollo','DNI','047993916'),('C0000000269','Edmundo de Marco','DNI','019225797'),('C0000000270','Amaya Ruiz Campoy','DNI','046893581'),('C0000000271','Nacio Perera Lerma','DNI','013359177'),('C0000000272','Damin Vicens Cabrera','DNI','041117111'),('C0000000273','Marcela Tefila Arnal Lasa','DNI','046318195'),('C0000000274','Reina Losada Alfonso','DNI','013359117'),('C0000000275','Isa Arenas Mariscal','DNI','046889237'),('C0000000276','Morena Roura','DNI','016771562'),('C0000000277','Odalys Bentez','DNI','048374614'),('C0000000278','Emma del Amor','DNI','072171199'),('C0000000279','Seve Villanueva Anaya','DNI','074985197'),('C0000000280','Montserrat Armas Salamanca','DNI','041692512'),('C0000000281','Ildefonso Feliu Esteban','DNI','048217113'),('C0000000282','Ligia Ocaa Arregui','DNI','041845422'),('C0000000283','Sarita Neira Toro','DNI','044288631'),('C0000000284','Timoteo Pacheco Pozo','DNI','011228451'),('C0000000285','Ester Anabel Fabregat Nuez','DNI','013883448'),('C0000000286','Rosenda Villanueva Herrera','DNI','013664853'),('C0000000287','Ariel Gallego Diego','DNI','076523626'),('C0000000288','Juliana Alarcn Molins','DNI','047789121'),('C0000000289','Catalina Mndez','DNI','045694414'),('C0000000290','Susanita Pascual Salamanca','DNI','044141673'),('C0000000291','Dimas Rafael Polo Bravo','DNI','044238615'),('C0000000292','Anabel Pou Lasa','DNI','025745759'),('C0000000293','Nadia Natividad Marco Flores','DNI','027727261'),('C0000000294','Mximo Tllez Ferrera','DNI','048496612'),('C0000000295','Gala Clarisa Ballesteros Llopis','DNI','072113132'),('C0000000296','Amancio Aliaga Sierra','DNI','075185132'),('C0000000297','Csar Nogus Toms','DNI','025475874'),('C0000000298','Brgida Jove Carretero','DNI','041711946'),('C0000000299','Vito del Abad','DNI','044678463'),('C0000000300','Nayara Fanny Juli Sierra','DNI','048147979'),('C0000000301','Isidoro Salas Marqus','DNI','047156136'),('C0000000302','Vicente Palomino Adadia','DNI','048165211'),('C0000000303','Sandalio de Figueroa','DNI','044921499'),('C0000000304','Elodia Pinto','DNI','011814981'),('C0000000305','Felipe Carro Ramis','DNI','047217652'),('C0000000306','Ana Beln Alvarado Bueno','DNI','011146497'),('C0000000307','Marisela Sanmiguel Pedraza','DNI','071118585'),('C0000000308','Jesusa Benavente Ferrndez','DNI','046456298'),('C0000000309','Alonso Daz Donoso','DNI','071883426'),('C0000000310','Filomena Pombo Pla','DNI','041144497'),('C0000000311','Cristbal Cabello-Pol','DNI','041349535'),('C0000000312','Maribel Murillo Alcaraz','DNI','041117119'),('C0000000313','Mayte Cuesta Acosta','DNI','041272454'),('C0000000314','Remigio Villalonga Roman','DNI','048429852'),('C0000000315','Vanesa Villaverde','DNI','048547161'),('C0000000316','Maristela Corbacho Alegria','DNI','074321888'),('C0000000317','Manuelita Cervera Botella','DNI','047179417'),('C0000000318','Borja Canet Gallo','DNI','071255234'),('C0000000319','Clotilde Chita Fbregas Toro','DNI','045229576'),('C0000000320','Olimpia Girona Paredes','DNI','044813917'),('C0000000321','Rubn de Arribas','DNI','033961728'),('C0000000322','dgar Manu Surez Anglada','DNI','081427516'),('C0000000323','Luna Morcillo Carretero','DNI','041181636'),('C0000000324','Eladio Salcedo Cabanillas','DNI','047621749'),('C0000000325','Gisela Cmara Duarte','DNI','011837473'),('C0000000326','Nicanor de Moliner','DNI','041487813'),('C0000000327','Rosario Paz Figueroa','DNI','021561124'),('C0000000328','Gloria Esteve Perez','DNI','012831981'),('C0000000329','Alexandra Pedrosa Asensio','DNI','044212151'),('C0000000330','Lucho Lucio Gallart Bartolom','DNI','081237191'),('C0000000331','Lola Vanesa Roda Verdejo','DNI','042158356'),('C0000000332','Alejandra Alvarado-Rocamora','DNI','071559771'),('C0000000333','Cristina Navas Sanz','DNI','076565953'),('C0000000334','Desiderio Vizcano Segu','DNI','022516761'),('C0000000335','Nlida Gallart Ochoa','DNI','042417732'),('C0000000336','urea Sandoval Robles','DNI','018111158'),('C0000000337','Bibiana Azcona','DNI','071191569'),('C0000000338','Marcos Arnal Sola','DNI','045293119'),('C0000000339','Soledad Ani Garrido Duran','DNI','042134614'),('C0000000340','Rodolfo Duilio Terrn Serrano','DNI','011134527'),('C0000000341','Carolina Ferreras Bolaos','DNI','044873779'),('C0000000342','Eladio Querol','DNI','043478723'),('C0000000343','Irene Orozco Milln','DNI','071329839'),('C0000000344','Yago Heredia Francisco','DNI','047672194'),('C0000000345','Hernn Diego Ferreras','DNI','011111621'),('C0000000346','Daro Severino Falcn Rodrguez','DNI','043827255'),('C0000000347','Eli Rovira Busquets','DNI','041862615'),('C0000000348','Remedios Barbero Caldern','DNI','048631871'),('C0000000349','Telmo Azcona Huerta','DNI','074182254'),('C0000000350','Jose Luis Salgado Monreal','DNI','041492774'),('C0000000351','Maximiliano Ferrer Sol','DNI','046315919'),('C0000000352','Seve Pellicer Arvalo','DNI','031856216'),('C0000000353','Poncio Gallart Cano','DNI','046157682'),('C0000000354','Abril Morante-Portero','DNI','044339638'),('C0000000355','Alondra Arroyo Moraleda','DNI','041251441'),('C0000000356','Nando Neira Garcia','DNI','044386882'),('C0000000357','Soraya Puig Estrada','DNI','047574648'),('C0000000358','Teresita Ferrera Bernat','DNI','073685544'),('C0000000359','Ignacio Mendez Casanovas','DNI','071217464'),('C0000000360','Isabel Bayo Sanchez','DNI','041478134'),('C0000000361','Ligia Linares Isern','DNI','042412189'),('C0000000362','Simn Gaya Vallejo','DNI','041934253'),('C0000000363','Chus Larraaga Hernando','DNI','045319373'),('C0000000364','ngeles Arvalo Balaguer','DNI','042759117'),('C0000000365','Benito Juan Francisco Aramburu Fiol','DNI','019173163'),('C0000000366','Amaya Valderrama Gomis','DNI','011949782'),('C0000000367','Beatriz Rodriguez Iborra','DNI','046431261'),('C0000000368','Amlcar Ortega Gallo','DNI','043326792'),('C0000000369','Seve Laguna-Bas','DNI','046157155'),('C0000000370','Francisco Javier Coloma','DNI','022491634'),('C0000000371','Erasmo Crespo Gallego','DNI','011165171'),('C0000000372','Octavio Perell-Losada','DNI','076831428'),('C0000000373','Camila Leticia Arvalo Cuenca','DNI','071138572'),('C0000000374','urea Manuela Piol Bernal','DNI','041981375'),('C0000000375','Carina Arcos Vara','DNI','071522671'),('C0000000376','Yago Bar Garmendia','DNI','072141379'),('C0000000377','Antonio Folch Grande','DNI','019776332'),('C0000000378','Jose Ramn de Aguilera','DNI','071481429'),('C0000000379','Dulce Caridad Rojas ngel','DNI','075766341'),('C0000000380','Cruz Bentez','DNI','041813815'),('C0000000381','Fabio Carnero Boix','DNI','041435951'),('C0000000382','Nayara Casanovas Alarcn','DNI','075151741'),('C0000000383','Miguel Villegas Jover','DNI','081643261'),('C0000000384','Ildefonso Guilln Arrieta','DNI','043874168'),('C0000000385','Jose Ignacio Armas Ramrez','DNI','046476471'),('C0000000386','Mara Jess Celestina Casas Carrasco','DNI','071798911'),('C0000000387','Mamen Ledesma Escribano','DNI','016718745'),('C0000000388','Ambrosio Casanovas Piquer','DNI','048664178'),('C0000000389','Joan Ferrn Alegria','DNI','041663386'),('C0000000390','Vasco Tamayo Barrio','DNI','071467495'),('C0000000391','Leire Aroa Alfaro Olmo','DNI','041711142'),('C0000000392','Felix Guardia Arenas','DNI','033669199'),('C0000000393','Gloria Dalmau-Bolaos','DNI','012661311'),('C0000000394','Eliana Solsona Girn','DNI','011211786'),('C0000000395','Liliana Valds Bilbao','DNI','041536196'),('C0000000396','Tomasa Feijoo Alvarado','DNI','042611646'),('C0000000397','Jos ngel Vlez Vila','DNI','013685864'),('C0000000398','Po Roma-Estevez','DNI','042184651'),('C0000000399','Amelia Tello-Toledo','DNI','022674295'),('C0000000400','Roberta de Lamas','DNI','041176618'),('C0000000401','Primitivo Melero Daza','DNI','041131924'),('C0000000402','Benigno Sanz Gomis','DNI','046891286'),('C0000000403','Reyna Rivas Porcel','DNI','047449222'),('C0000000404','Olivia Goi','DNI','076252165'),('C0000000405','Isaac Morcillo-Calvo','DNI','041111911'),('C0000000406','Asdrubal Franco Montaa','DNI','043171972'),('C0000000407','Alexandra mbar Armengol Campos','DNI','041431778'),('C0000000408','Calisto Menndez','DNI','044151861'),('C0000000409','Graciana Cintia Iiguez Heras','DNI','071252392'),('C0000000410','Mayte Duarte Alfonso','DNI','046917418'),('C0000000411','Mara Teresa Llamas Mario','DNI','042437543'),('C0000000412','Federico Pizarro Coello','DNI','011914683'),('C0000000413','Pacfica Crdoba','DNI','011147147'),('C0000000414','Rosa Jimnez-Galvez','DNI','076268661'),('C0000000415','Martirio Bonet','DNI','073658441'),('C0000000416','Ruy Roldan Lara','DNI','011148717'),('C0000000417','Felisa Mgica Gomez','DNI','045854296'),('C0000000418','Anselma Valentn Malo','DNI','025433731'),('C0000000419','Lino de Busquets','DNI','047641142'),('C0000000420','Sandra Leiva Aguil','DNI','033418989'),('C0000000421','Federico Gutirrez Tamarit','DNI','016991296'),('C0000000422','Aristides Exposito Snchez','DNI','071983622'),('C0000000423','Claudia Ibaez Peas','DNI','073511522'),('C0000000424','Roque Bejarano','DNI','041137254'),('C0000000425','Sergio Font Mnguez','DNI','027432619'),('C0000000426','Luisina Chus Acosta Losa','DNI','041472748'),('C0000000427','Eusebia Torre Dalmau','DNI','716114850'),('C0000000428','Pedro Sancho-Garrido','DNI','111411810'),('C0000000429','Blanca Lluch Gonzalo','DNI','413491320'),('C0000000430','Benito Aranda Olivera','DNI','425366690'),('C0000000431','Juan Lerma Melero','DNI','175748680'),('C0000000432','Nayara Fuster Cuesta','DNI','812256450'),('C0000000433','Maricela Mendizbal-Tejera','DNI','336528210'),('C0000000434','Silvio Ledesma Planas','DNI','451296970'),('C0000000435','Ovidio Garca Gabaldn','DNI','218713380'),('C0000000436','Marina Gisbert Huertas','DNI','436929150'),('C0000000437','Nazaret Pina Sol','DNI','449291430'),('C0000000438','Valentina del Diaz','DNI','239136110'),('C0000000439','Jos Antonio Lluch Gutirrez','DNI','716226130'),('C0000000440','Mara Beln Ortega Alvarez','DNI','423155540'),('C0000000441','Manuelita Barroso-Coloma','DNI','191317510'),('C0000000442','Carmelo Valentn Mancebo','DNI','459581670'),('C0000000443','Jose Ramn Nicols Marco','DNI','731259610'),('C0000000444','Ruben del Azorin','DNI','439175650'),('C0000000445','Jordana Riba','DNI','453969710'),('C0000000446','Brunilda Giralt','DNI','171331420'),('C0000000447','Jose Valenciano Osuna','DNI','764731340'),('C0000000448','Ins Gil-Miralles','DNI','118114160'),('C0000000449','Po del Lastra','DNI','433779180'),('C0000000450','Amlcar Valera','DNI','239399860'),('C0000000451','Laura del Hernandez','DNI','193297210'),('C0000000452','Encarnacin Iborra','DNI','417234710'),('C0000000453','Nicolasa de Verdugo','DNI','421851180'),('C0000000454','Evaristo Loreto Ferrer Mario','DNI','443327140'),('C0000000455','Esmeralda Visitacin Menndez Alemn','DNI','459831130'),('C0000000456','Manuel Melero Palomo','DNI','426519380'),('C0000000457','Paca Verdejo Mayoral','DNI','188966190'),('C0000000458','Regina del Parejo','DNI','434836670'),('C0000000459','gueda Gimnez Serna','DNI','434454370'),('C0000000460','Anastasio Montesinos Garca','DNI','433314190'),('C0000000461','Marisela Quintero Quintero','DNI','719192320'),('C0000000462','Isaac Espada Madrigal','DNI','449629590'),('C0000000463','Luciana Gaya lvaro','DNI','768115840'),('C0000000464','Samanta Olmedo','DNI','718247540'),('C0000000465','Osvaldo Atilio Jover Herrera','DNI','136931930'),('C0000000466','Tere Montenegro Expsito','DNI','461521630'),('C0000000467','Nicodemo Alegre-Izquierdo','DNI','718118990'),('C0000000468','Adelardo Chico-Cuesta','DNI','476975580'),('C0000000469','Dorotea Diez Aznar','DNI','231845210'),('C0000000470','Donato Noguera Mrmol','DNI','784624270'),('C0000000471','Mara Del Carmen Bentez-Lozano','DNI','414481310'),('C0000000472','Roxana Sanjuan Nieto','DNI','435242970'),('C0000000473','Primitiva Villalba Valenciano','DNI','112197710'),('C0000000474','Aura Manzano Pedrero','DNI','468885240'),('C0000000475','Sabas Macario Murcia Quintanilla','DNI','413355420'),('C0000000476','Apolinar Falcn-Cadenas','DNI','469163230'),('C0000000477','Horacio Gallego Matas','DNI','416544180'),('C0000000478','Curro Caellas-Abad','DNI','111436130'),('C0000000479','Julio Corominas','DNI','411228210'),('C0000000480','Dominga Olmedo Lara','DNI','136886820'),('C0000000481','Norberto Corts Coca','DNI','456212660'),('C0000000482','Juana Valls Ruiz','DNI','479532180'),('C0000000483','Ins Garca Nevado','DNI','461336210'),('C0000000484','Marianela Pablo Samper','DNI','476726210'),('C0000000485','Azahar Solsona','DNI','414382350'),('C0000000486','Patricia Leon Grande','DNI','423412310'),('C0000000487','Inmaculada Moles-Verd','DNI','449275170'),('C0000000488','Piedad Casanova','DNI','711195330'),('C0000000489','Dafne Amig-Arias','DNI','438145370'),('C0000000490','Anabel Tur Llorens','DNI','772844660'),('C0000000491','Danilo Jose Antonio Escobar Muro','DNI','618828150'),('C0000000492','Aura Salcedo Vigil','DNI','465141310'),('C0000000493','Ramiro Cepeda Casanova','DNI','711552660'),('C0000000494','Nadia Tormo','DNI','111212740'),('C0000000495','Paola Gonzlez Piquer','DNI','749848390'),('C0000000496','Remedios Quesada Heredia','DNI','111176680'),('C0000000497','Andrs Corts Fuertes','DNI','719355730'),('C0000000498','Mara ngeles Infante-Cabanillas','DNI','774796440'),('C0000000499','Heliodoro Antonio Baena Tejada','DNI','913726480'),('C0000000500','Belen Carballo Llad','DNI','481663510'),('C0000000501','Quique Mrquez Torralba','DNI','711397560'),('C0000000502','Felicidad Amor Cerdn','DNI','473629990'),('C0000000503','Esteban de Serrano','DNI','453337920'),('C0000000504','Eligia Javiera Llad Pla','DNI','428774710'),('C0000000505','Nidia Ordez Caas','DNI','732625310'),('C0000000506','Adelaida de Egea','DNI','477727910'),('C0000000507','Dalila Torre Amores','DNI','749313540'),('C0000000508','Roldn Guardia','DNI','411111630'),('C0000000509','Gabino Barragn Figueroa','DNI','167678180'),('C0000000510','Amanda Chamorro-Vives','DNI','414797710'),('C0000000511','Jos Caas Martinez','DNI','127767520'),('C0000000512','Benita Exposito Mnguez','DNI','814179170'),('C0000000513','Nerea de Portero','DNI','613497340'),('C0000000514','Benjamn de Palau','DNI','156118240'),('C0000000515','Cristina Arranz-Muro','DNI','438488690'),('C0000000516','Lupe Pellicer Marco','DNI','445382420'),('C0000000517','Cndida Pinedo Dalmau','DNI','111611410'),('C0000000518','Carmelita Antn Escalona','DNI','166937890'),('C0000000519','Felicidad Macias Vall','DNI','718159390'),('C0000000520','Fanny Cortes Palacios','DNI','222541520'),('C0000000521','Eusebio Barros Guardia','DNI','153881390'),('C0000000522','Leocadio Requena-Barriga','DNI','726917140'),('C0000000523','Abril Feijoo-Goi','DNI','453971660'),('C0000000524','Luciano Agust Lpez','DNI','155948160'),('C0000000525','Carlos Flores Nevado','DNI','444975390'),('C0000000526','Pastora Galn Mario','DNI','912191710'),('C0000000527','Corona Aitana Julin Salv','DNI','412723360'),('C0000000528','Jernimo Peinado-Morales','DNI','819914160'),('C0000000529','Nicanor Garca Perez','DNI','781184850'),('C0000000530','Lisandro Guillermo Delgado Porcel','DNI','742534160'),('C0000000531','Natanael Valls Prieto','DNI','435116140'),('C0000000532','Xiomara Senz Batalla','DNI','422191910'),('C0000000533','Santos Zurita Barrio','DNI','118844420'),('C0000000534','Isidro Rozas Gmez','DNI','711922340'),('C0000000535','Patricia Raquel Carnero Agullo','DNI','411973730'),('C0000000536','Patricio Alberola Sandoval','DNI','773918180'),('C0000000537','Bibiana Barrio','DNI','771711940'),('C0000000538','Lucila del Coronado','DNI','417945910'),('C0000000539','Danilo Matas Vicente','DNI','445117950'),('C0000000540','Duilio Lucas Feliu','DNI','155869750'),('C0000000541','Jos Reyes Leal','DNI','481896910'),('C0000000542','Nicols Pascual Gabaldn Paniagua','DNI','776899410'),('C0000000543','Gonzalo Barber Gimeno','DNI','756129650'),('C0000000544','Marco Sanchez Yuste','DNI','156313830'),('C0000000545','Alejandra Olivera','DNI','418955140'),('C0000000546','Sandra Leiva Planas','DNI','226511510'),('C0000000547','Sigfrido Urrutia Vargas','DNI','443262870'),('C0000000548','Nydia Urea Serrano','DNI','734411270'),('C0000000549','Etelvina Tolosa Exposito','DNI','453222410'),('C0000000550','Adriana Gilabert Bravo','DNI','153565560'),('C0000000551','Juan Jos Gimnez Calzada','DNI','441129560'),('C0000000552','Emiliana Marti Manso','DNI','741189270'),('C0000000553','Adora Solera Juli','DNI','277485610'),('C0000000554','Sancho Arregui Ibaez','DNI','463671570'),('C0000000555','Sonia Pacfica Aranda Durn','DNI','736865710'),('C0000000556','Aitor Pelayo Tello','DNI','215341870'),('C0000000557','Juana Losa Villar','DNI','433923870'),('C0000000558','Goyo Ros Guerra','DNI','176214790'),('C0000000559','Rufino Beltran-Torralba','DNI','465467510'),('C0000000560','Apolonia Pareja Real','DNI','471429640'),('C0000000561','Herminia Samper Sureda','DNI','416681690'),('C0000000562','Loida Morera','DNI','418853570'),('C0000000563','Milagros Cadenas','DNI','111312970'),('C0000000564','Ema Saura','DNI','111611360'),('C0000000565','Angelino Ibaez Bonet','DNI','437829270'),('C0000000566','Candelas Gutierrez Solana','DNI','417261610'),('C0000000567','Lucio Figuerola-Lorenzo','DNI','414269110'),('C0000000568','Benita Ramrez Ribera','DNI','484473170'),('C0000000569','Zaida Tovar Tolosa','DNI','426118730'),('C0000000570','Hctor Puga Tudela','DNI','761594330'),('C0000000571','Adelina Carmona Bayo','DNI','461962140'),('C0000000572','Carmelita Tejedor Casas','DNI','119468660'),('C0000000573','Bernarda Quero Crdoba','DNI','119517740'),('C0000000574','Evita Alfaro Miguel','DNI','452662110'),('C0000000575','Lidia Reyes Carbajo Pla','DNI','161482130'),('C0000000576','Carlota Rosell Baos','DNI','111432590'),('C0000000577','Fausto Montero Sanmartn','DNI','111346250'),('C0000000578','Lalo Castellanos Rueda','DNI','111312710'),('C0000000579','Sabina Jover-Mendoza','DNI','277284620'),('C0000000580','Nuria Mur','DNI','274343740'),('C0000000581','Feliciana Gutierrez Mora','DNI','431154630'),('C0000000582','Jernimo Vidal Hernandez','DNI','167867890'),('C0000000583','Fortunata Jordn','DNI','611315720'),('C0000000584','Manu Cspedes Corominas','DNI','481551290'),('C0000000585','urea Guzman','DNI','435116970'),('C0000000586','Modesta Lled Izquierdo','DNI','727213290'),('C0000000587','Telmo Lastra-Cuervo','DNI','468154860'),('C0000000588','Iris Camino-Briones','DNI','421475220'),('C0000000589','Clarisa Belda Cid','DNI','418798470'),('C0000000590','Petrona Palau Soto','DNI','167572170'),('C0000000591','Cndido Alczar Canales','DNI','111591310'),('C0000000592','Jose Carlos Lopez Lled','DNI','153861160'),('C0000000593','Adoracin de Casanova','DNI','411763830'),('C0000000594','Gregorio Salamanca','DNI','225132520'),('C0000000595','Miguel Llopis','DNI','483168610'),('C0000000596','Eutimio Gilberto Pags Ricart','DNI','113852910'),('C0000000597','Anita Roca-Soler','DNI','726391880'),('C0000000598','Adalberto Gomis-Bello','DNI','485919380'),('C0000000599','Paz Giner Reig','DNI','445644230'),('C0000000600','Horacio Cullar Escobar','DNI','912181850'),('C0000000601','Urbano Real-Tolosa','DNI','132116520'),('C0000000602','Curro Segarra Peinado','DNI','283118230'),('C0000000603','Clemente Nevado','DNI','718927520'),('C0000000604','Azucena Elas Heredia','DNI','711699210'),('C0000000605','Nicolasa Villena-Saura','DNI','753886120'),('C0000000606','Luis Miguel Amaya','DNI','431543740'),('C0000000607','Salom Pla Pons','DNI','721952190'),('C0000000608','Nazaret Morn Escamilla','DNI','812911470'),('C0000000609','Rafael Edu Zamorano Ochoa','DNI','454583270'),('C0000000610','Sergio Salmern Carreras','DNI','431123550'),('C0000000611','Mamen del Carrasco','DNI','721745890'),('C0000000612','Tecla Aparicio Boada','DNI','118847330'),('C0000000613','Amado Rodrguez Girn','DNI','712679410'),('C0000000614','Jordi Seco Cantn','DNI','766275240'),('C0000000615','Manu Vega Girona','DNI','739837810'),('C0000000616','Basilio Riquelme Gordillo','DNI','722325730'),('C0000000617','Emiliano Marn','DNI','454552890'),('C0000000618','Itziar de Castellanos','DNI','428272920'),('C0000000619','Carmelita del Cabezas','DNI','475734530'),('C0000000620','Rufina Ballester Llamas','DNI','179234690'),('C0000000621','Obdulia Escribano','DNI','417412710'),('C0000000622','Eli Montero','DNI','427246410'),('C0000000623','Edelmiro Expsito Colomer','DNI','437381370'),('C0000000624','Encarnacion Caldern-Olmedo','DNI','199152170'),('C0000000625','Toribio Aller Parra','DNI','156139380'),('C0000000626','Hugo Tamarit Hoz','DNI','413262810'),('C0000000627','Renata del Alberola','DNI','453832950'),('C0000000628','Prudencio Carreras Cobo','DNI','448149950'),('C0000000629','Fabio de Arrieta','DNI','722358240'),('C0000000630','Ciro Hernando Puga Patio','DNI','413388980'),('C0000000631','Efran Anguita Torres','DNI','111464330'),('C0000000632','Claudia Clemente Bertrn','DNI','444422210'),('C0000000633','Brunilda Paredes-Fajardo','DNI','411317490'),('C0000000634','Nicols Moles Colomer','DNI','485878490'),('C0000000635','Ftima Alemany Puerta','DNI','456481810'),('C0000000636','Gabriela Gonzlez Robles','DNI','211392110'),('C0000000637','Norberto Cerd-Fernndez','DNI','759958860'),('C0000000638','Mnica Colom Larrea','DNI','111595750'),('C0000000639','Eusebio Gonzlez Figuerola','DNI','712982310'),('C0000000640','Isaac del Amaya','DNI','472186160'),('C0000000641','Vctor Gisbert','DNI','758157620'),('C0000000642','Paca Castell Viana','DNI','461216140'),('C0000000643','Belen Zoraida Bar Lozano','DNI','772331810'),('C0000000644','Pastor Fuente Arenas','DNI','164511280'),('C0000000645','Amaro Quero Paredes','DNI','411143710'),('C0000000646','Margarita del Coronado','DNI','422147430'),('C0000000647','Calixto Espaa Jove','DNI','414774320'),('C0000000648','Sofa Mulet Benet','DNI','118391960'),('C0000000649','Melania Ariadna Barcel Garcs','DNI','466345930'),('C0000000650','Albina Dulce Nieto Ferrndiz','DNI','111611620'),('C0000000651','Pepita Roig','DNI','112551990'),('C0000000652','Marcela Leal Montes','DNI','215629320'),('C0000000653','Paloma Salv Carvajal','DNI','111625150'),('C0000000654','Adelia Mart Bello','DNI','463416940'),('C0000000655','Atilio Batalla Rios','DNI','111592630'),('C0000000656','Felicia Novoa Czar','DNI','751465110'),('C0000000657','Petrona Guardia Cspedes','DNI','812915960'),('C0000000658','Tito Oliveras-Mrmol','DNI','335917160'),('C0000000659','Urbano Plana Cornejo','DNI','418688120'),('C0000000660','Anselma Rodriguez Bernad','DNI','438116710'),('C0000000661','Adrin Fabra Via','DNI','411286790'),('C0000000662','Nicolasa Becerra Snchez','DNI','416137970'),('C0000000663','gata Carbajo Calvo','DNI','421228910'),('C0000000664','Pepita Laura Llad Franch','DNI','432154790'),('C0000000665','Noem Carpio Seco','DNI','734867160'),('C0000000666','Edelmira Mosquera Recio','DNI','116135110'),('C0000000667','Petrona Fonseca Martnez','DNI','128674170'),('C0000000668','Fernando Peralta Arvalo','DNI','416637380'),('C0000000669','Ariel Florencio Dvila Aramburu','DNI','473591310'),('C0000000670','Magdalena Almansa Bayona','DNI','482195810'),('C0000000671','Amancio Chuy Caas Garcia','DNI','762179980'),('C0000000672','Xiomara Albero Palomares','DNI','276763280'),('C0000000673','Moreno del Armas','DNI','471434850'),('C0000000674','Mayte Arjona Mir','DNI','428652370'),('C0000000675','Elena Conde Alonso','DNI','479676830'),('C0000000676','Celia Peinado Riquelme','DNI','189159930'),('C0000000677','Jos Mas Diaz','DNI','427274710'),('C0000000678','Marco del Almansa','DNI','426928710'),('C0000000679','Ariel Martorell Quero','DNI','451776840'),('C0000000680','Claudia Ibaez Macas','DNI','174969980'),('C0000000681','Morena Llanos Dalmau','DNI','332623880'),('C0000000682','Tecla Gertrudis Fortuny Santana','DNI','411592180'),('C0000000683','Jose Francisco Mart Crespo','DNI','258497190'),('C0000000684','Teresita Donaire Prieto','DNI','452536460'),('C0000000685','Sofa Campillo Melndez','DNI','411699120'),('C0000000686','Paola Anastasia Peral Gracia','DNI','713351920'),('C0000000687','Fabin Ojeda Duran','DNI','441119880'),('C0000000688','Pascuala Conde-Amat','DNI','459676170'),('C0000000689','Vicente de Manzano','DNI','111412520'),('C0000000690','Serafina de Surez','DNI','813411870'),('C0000000691','Benita Susanita Segarra Comas','DNI','771537860'),('C0000000692','Casemiro Aliaga Arce','DNI','118446190'),('C0000000693','Renato Machado Pla','DNI','414324120'),('C0000000694','Desiderio Mendoza Escobar','DNI','484225440'),('C0000000695','Gerardo Bernat Barros','DNI','415255150'),('C0000000696','Hugo Torrecilla Canals','DNI','443196160'),('C0000000697','Mamen Ortega Ferrer','DNI','419256640'),('C0000000698','Ciraco del Ruano','DNI','422731880'),('C0000000699','Reynaldo Gargallo Salcedo','DNI','119661640'),('C0000000700','Blanca Quero Alcntara','DNI','434224340'),('C0000000701','Concepcin Cataln','DNI','421349490'),('C0000000702','Carolina Bilbao Iiguez','DNI','481436110'),('C0000000703','Luisina Gonzalez Ferrn','DNI','751853610'),('C0000000704','Filomena Larraaga Andrade','DNI','718623630'),('C0000000705','Marta Roldn-Galvn','DNI','779181670'),('C0000000706','Alma Valderrama Corts','DNI','748166720'),('C0000000707','Alcides Viana Benavente','DNI','475557420'),('C0000000708','Santiago Garmendia Domnech','DNI','416265160'),('C0000000709','Nerea Torrent-Valverde','DNI','719251510'),('C0000000710','ngeles del Higueras','DNI','738713410'),('C0000000711','Octavio de Andrs','DNI','416485520'),('C0000000712','Eligio Herrero-Canet','DNI','438419180'),('C0000000713','Elas Carbonell Pareja','DNI','711172330'),('C0000000714','Elvira Olmedo Girona','DNI','766467390'),('C0000000715','Sosimo Landa Aragons','DNI','752227210'),('C0000000716','Clotilde del Osorio','DNI','421747250'),('C0000000717','Alcides Tello Fernandez','DNI','153886320'),('C0000000718','Sigfrido Sim Benavent','DNI','454959810'),('C0000000719','Nerea Leon Puga','DNI','442341910'),('C0000000720','David Ballesteros-Francisco','DNI','721152310'),('C0000000721','Eva Araceli Marcos Cerdn','DNI','445264120'),('C0000000722','Tecla Conesa','DNI','119728550'),('C0000000723','Mayte Isern Grate','DNI','166346450'),('C0000000724','Ignacio Bauz-Torrens','DNI','732176110'),('C0000000725','Amor Estrada-Querol','DNI','239688960'),('C0000000726','Gabino Aranda Godoy','DNI','726627510'),('C0000000727','Gernimo Asenjo','DNI','766958690'),('C0000000728','Enrique Andreu Cueto','DNI','467719440'),('C0000000729','Clara Cantn Farr','DNI','277424370'),('C0000000730','Baudelio Asensio','DNI','463698260'),('C0000000731','Pepita del Grau','DNI','712331570'),('C0000000732','Alba Batalla Valls','DNI','416538640'),('C0000000733','Bernardino Patio Aguado','DNI','429815910'),('C0000000734','Esteban Vaquero Dominguez','DNI','181337360'),('C0000000735','Anacleto Toms Torrecilla','DNI','743124790'),('C0000000736','Severino Nicolau Vizcano','DNI','411142680'),('C0000000737','Corona Feijoo Pi','DNI','469518780'),('C0000000738','Rafaela Hurtado Reguera','DNI','153899420'),('C0000000739','Zaira Caldern Ario','DNI','451141560'),('C0000000740','Anbal Acero','DNI','427917530'),('C0000000741','Leocadio Palomo Palomares','DNI','337811780'),('C0000000742','Juan Carlos Delgado Durn','DNI','181774420'),('C0000000743','Elvira Bravo-Cano','DNI','411138780'),('C0000000744','Demetrio de Larraaga','DNI','451261630'),('C0000000745','Hernando Garay','DNI','156216130'),('C0000000746','Isabela Roma Jurado','DNI','419477170'),('C0000000747','Roberto Toms-Bermdez','DNI','119672840'),('C0000000748','Yolanda Oliva Polo','DNI','456128130'),('C0000000749','Rosendo Pinilla Bustamante','DNI','472281150'),('C0000000750','Vanesa Celia Ibez Ferrer','DNI','414571850'),('C0000000751','Albina de Fiol','DNI','811242120'),('C0000000752','Georgina Arroyo Araujo','DNI','133758930'),('C0000000753','Celestina Rodrigo Hidalgo','DNI','427767150'),('C0000000754','Felicidad de Bernal','DNI','419311370'),('C0000000755','Valeria Almansa-Brcena','DNI','412198470'),('C0000000756','Javier Cortina Grau','DNI','777992650'),('C0000000757','Manolo Isidro Ros Salgado','DNI','735293460'),('C0000000758','Concepcin Bustamante','DNI','414344960'),('C0000000759','Viviana Tur Asensio','DNI','449153120'),('C0000000760','Emilia Valentn Coello','DNI','421646930'),('C0000000761','Brbara Arcos Cases','DNI','167523710'),('C0000000762','Martn Gimnez Herrera','DNI','442521460'),('C0000000763','Gastn Real Barriga','DNI','464937250'),('C0000000764','Estefana Peas','DNI','416634210'),('C0000000765','Loreto Estrella Vias Juan','DNI','711861720'),('C0000000766','Emperatriz Quirs Aguirre','DNI','426383180'),('C0000000767','Leocadio Escalona','DNI','431445960'),('C0000000768','Carina Barroso Lopez','DNI','731886160'),('C0000000769','Damin Tomas Sols','DNI','771571880'),('C0000000770','Isaac Vallejo-Coll','DNI','464291520'),('C0000000771','Fernanda Lozano Bastida','DNI','481936580'),('C0000000772','Anglica Diego Cullar','DNI','481629110'),('C0000000773','Jos Luis Lorenzo Losada','DNI','111721670'),('C0000000774','Mara Senz Azorin','DNI','111122720'),('C0000000775','Hernando Olmedo Segu','DNI','439127350'),('C0000000776','Mamen Chacn Crespo','DNI','621613710'),('C0000000777','Morena Ros Estrada','DNI','177443110'),('C0000000778','Berta Mena Rivas','DNI','415542310'),('C0000000779','Carmen Alemany Bertrn','DNI','461171830'),('C0000000780','Emilia Oliveras Granados','DNI','461131470'),('C0000000781','Jaime Santiago Vazquez','DNI','774256990'),('C0000000782','Clemente de Coloma','DNI','475537840'),('C0000000783','Hilda del Tapia','DNI','111146110'),('C0000000784','Espiridin Abril Marti','DNI','111463570'),('C0000000785','Porfirio Cal Bru','DNI','329238490'),('C0000000786','Mara ngeles de Valbuena','DNI','474123160'),('C0000000787','Daro Dvila','DNI','421952820'),('C0000000788','Victor Manuel Sedano-Domingo','DNI','166875440'),('C0000000789','Marcela Saura','DNI','166167650'),('C0000000790','Rosalva Carreras Calatayud','DNI','458428150'),('C0000000791','gata Bermdez-Espejo','DNI','737521140'),('C0000000792','Leire Bellido Carmona','DNI','471789110'),('C0000000793','Consuela Emilia Cuenca Cerdn','DNI','737387190'),('C0000000794','Juan Luis ngel Alemany','DNI','111463140'),('C0000000795','Nazaret Garrido Llad','DNI','411729150'),('C0000000796','Elena Pons','DNI','339588280'),('C0000000797','Pilar Castells Fernndez','DNI','418767190'),('C0000000798','Jos Mara Jacobo Ojeda Montesinos','DNI','761258310'),('C0000000799','Manolo de Pavn','DNI','767553290'),('C0000000800','Cndido Beltrn Pino','DNI','421828620'),('C0000000801','Apolonia del Real','DNI','776826290'),('C0000000802','Zoraida Rovira Arce','DNI','713131540'),('C0000000803','Elpidio Pont Expsito','DNI','193212620'),('C0000000804','Joan Lobo-Haro','DNI','128812490'),('C0000000805','Nayara Gimeno Velasco','DNI','478371810'),('C0000000806','frica del Conde','DNI','486559710'),('C0000000807','ngela Pinedo Vendrell','DNI','711353920'),('C0000000808','Joan Fabregat Ochoa','DNI','731262160'),('C0000000809','Cruz Tamayo-Carpio','DNI','111311290'),('C0000000810','Pascual Pedro Ruiz','DNI','434167540'),('C0000000811','Melisa Guitart','DNI','466847640'),('C0000000812','Anacleto Caballero Ferrera','DNI','311328510'),('C0000000813','Vicente Calleja','DNI','479832160'),('C0000000814','Marco Ropero','DNI','119717220'),('C0000000815','Cristian Baquero-Cnovas','DNI','138882320'),('C0000000816','Josep Reina Prieto','DNI','458528980'),('C0000000817','Florinda Anguita-Sancho','DNI','277533390'),('C0000000818','Calixta Villaverde Acosta','DNI','481412160'),('C0000000819','Marisela Milla-Martorell','DNI','711582970'),('C0000000820','Rosendo Almeida Naranjo','DNI','111432310'),('C0000000821','Ana Sofa Colomer Martn','DNI','118612730'),('C0000000822','Rolando Caballero Nio','DNI','427112130'),('C0000000823','Paola Casanovas-Riba','DNI','419881670'),('C0000000824','Lupita del Sanjuan','DNI','439334620'),('C0000000825','Modesto Franco Hervia','DNI','413679410'),('C0000000826','Modesto Morante','DNI','725451110'),('C0000000827','Clemente Ferrero Garmendia','DNI','111221560'),('C0000000828','Guiomar Ferrera','DNI','328388380'),('C0000000829','Araceli Borrell-Armas','DNI','482766750'),('C0000000830','Jorge Gutierrez Caparrs','DNI','153874110'),('C0000000831','Beatriz Mamen Casanovas Ruiz','DNI','482141630'),('C0000000832','Vicenta Rivero Otero','DNI','751111590'),('C0000000833','Vicenta Sol-Palma','DNI','437626560'),('C0000000834','Alejandra Beltrn Fuente','DNI','415791750'),('C0000000835','Ruperta Casanova Bermdez','DNI','413616110'),('C0000000836','Nicols Ayala Campoy','DNI','461355930'),('C0000000837','Leopoldo del Sez','DNI','723256440'),('C0000000838','Haroldo del Hoyos','DNI','412211710'),('C0000000839','Juanita Pastora Escolano Mar','DNI','761297490'),('C0000000840','Jenny Manuel Llorens','DNI','452916750'),('C0000000841','Beln Cantero Ura','DNI','448231510'),('C0000000842','Candela Grande Arenas','DNI','128529710'),('C0000000843','Socorro Sans Pomares','DNI','128238150'),('C0000000844','Nazaret Antnez Rios','DNI','455744150'),('C0000000845','Yago Teruel Palomino','DNI','433159340'),('C0000000846','Lola Crespi Lobato','DNI','812993980'),('C0000000847','Matas Agudo Ruiz','DNI','421213190'),('C0000000848','Luisa Redondo Salom','DNI','411341160'),('C0000000849','Isa Trillo Rozas','DNI','413739460'),('C0000000850','Asdrubal Estevez Sols','DNI','736218160'),('C0000000851','Ruth Blzquez Cerro','DNI','166744710'),('C0000000852','Hernando del Nieto','DNI','716526910'),('C0000000853','Silvio Vilanova Amador','DNI','415741820'),('C0000000854','Damin Andrade','DNI','174784990'),('C0000000855','Patricio Velasco','DNI','461432190'),('C0000000856','Antonio Mendizbal Sevillano','DNI','471911910'),('C0000000857','Aitana Escudero Hidalgo','DNI','257929640'),('C0000000858','Magdalena Castell Rey','DNI','711845920'),('C0000000859','Baltasar del Giner','DNI','225126780'),('C0000000860','Martirio Samper Tena','DNI','111723780'),('C0000000861','Arsenio Haro Ledesma','DNI','296451310'),('C0000000862','Herminia Nevado Pags','DNI','433611690'),('C0000000863','Apolonia Lus-Bernat','DNI','415612530'),('C0000000864','Lina Porcel Bustamante','DNI','437283180'),('C0000000865','Jos Luis Ferrndiz Cornejo','DNI','119611140'),('C0000000866','Belen Chaparro','DNI','428561220'),('C0000000867','Poncio Cerdn','DNI','711616360'),('C0000000868','Andrs Domnech Almazn','DNI','111621170'),('C0000000869','Cecilio Apolinar Salas Alemn','DNI','421997480'),('C0000000870','Otilia Ropero Macias','DNI','277271130'),('C0000000871','Severo de Goi','DNI','413913110'),('C0000000872','Chuy Julin Cabrero','DNI','434212360'),('C0000000873','Adelia Campo-Bueno','DNI','481465160'),('C0000000874','Anacleto Paniagua-Antnez','DNI','452951470'),('C0000000875','Rgulo Larrea Pereira','DNI','411796660'),('C0000000876','Pacfica Guardiola Rosa','DNI','482146770'),('C0000000877','Victorino Aramburu','DNI','426192210'),('C0000000878','Bibiana Mata Alcolea','DNI','419323130'),('C0000000879','Florentina Grande Quintero','DNI','413215120'),('C0000000880','Cayetano Coello Fernandez','DNI','411793780'),('C0000000881','Florinda Gascn Gonzalo','DNI','276811740'),('C0000000882','Valeria Ros','DNI','418138160'),('C0000000883','Blanca Moya Fabregat','DNI','196218450'),('C0000000884','Soraya Cceres Marin','DNI','411123110'),('C0000000885','Rufina Rossell Sales','DNI','111895510'),('C0000000886','Abril Almazn Gargallo','DNI','334317440'),('C0000000887','Sandalio Pinto Alczar','DNI','417421170'),('C0000000888','Urbano Rossell Llabrs','DNI','412494240'),('C0000000889','Aurelio Ferreras Granados','DNI','464617670'),('C0000000890','Aroa Pujol Belmonte','DNI','461326360'),('C0000000891','Calista de Abril','DNI','153714480'),('C0000000892','Tefilo Contreras Tllez','DNI','765436140'),('C0000000893','Milagros Cabaas','DNI','419752570'),('C0000000894','Gonzalo Sans Mir','DNI','416982720'),('C0000000895','Sofa Bou Zamorano','DNI','773921650'),('C0000000896','Leandro Gabino Cruz Izaguirre','DNI','329218810'),('C0000000897','Angelina Royo Canals','DNI','713654650'),('C0000000898','Po Fonseca-Granados','DNI','111461110'),('C0000000899','Luis Miguel Cuadrado Gual','DNI','417999470'),('C0000000900','Blanca Lucas Corts','DNI','111478890'),('C0000000901','Jos Luis Arvalo','DNI','456429410'),('C0000000902','Leonel Sierra Fajardo','DNI','421772910'),('C0000000903','Calixto Palacio Casas','DNI','215234470'),('C0000000904','Eugenio Pla Alegre','DNI','113388550'),('C0000000905','Daniela Arana','DNI','447524680'),('C0000000906','Amancio Casares Francisco','DNI','111287890'),('C0000000907','Leopoldo Lamas Vilaplana','DNI','415538470'),('C0000000908','Pascual del Haro','DNI','729346730'),('C0000000909','Dionisia Llamas','DNI','112551120'),('C0000000910','Amada Falc Llabrs','DNI','734333390'),('C0000000911','scar Enrquez Acedo','DNI','711622610'),('C0000000912','Cecilio Bastida Segu','DNI','111554590'),('C0000000913','Leocadia Aznar Revilla','DNI','484224130'),('C0000000914','Anabel Iniesta Hierro','DNI','714522460'),('C0000000915','Lilia Narvez Batalla','DNI','431171850'),('C0000000916','Adriana Egea Lus','DNI','768158310'),('C0000000917','Pepita del Gallart','DNI','475842410'),('C0000000918','Luis ngel Tllez Conde','DNI','443125970'),('C0000000919','Angelina Sanmiguel Gallo','DNI','452948350'),('C0000000920','Catalina Sol Porras','DNI','166872780'),('C0000000921','Manuela Benavides Glvez','DNI','717999140'),('C0000000922','Teresa Lastra Serra','DNI','486631540'),('C0000000923','Marianela Jover Carballo','DNI','167882690'),('C0000000924','Ainara Zaragoza Crespi','DNI','415357710'),('C0000000925','Claudio Porfirio Francisco Miz','DNI','422618130'),('C0000000926','Andrs Felipe Cuevas','DNI','714293370'),('C0000000927','Encarnacin Fiol Domingo','DNI','154116690'),('C0000000928','Ftima de Cisneros','DNI','719739210'),('C0000000929','Maximino Vigil Morante','DNI','152611160'),('C0000000930','Mara Luisa Antnez Girn','DNI','479851320'),('C0000000931','Beatriz Bello Godoy','DNI','471981780'),('C0000000932','Elosa Rosalina Pont Madrigal','DNI','733573510'),('C0000000933','Ibn Rios Calvet','DNI','738661430'),('C0000000934','Rufino Mascar-Borrell','DNI','113411540'),('C0000000935','Flix Paredes Mulet','DNI','175619160'),('C0000000936','Lucho Aznar','DNI','276929630'),('C0000000937','Encarnacion del Aguil','DNI','413235580'),('C0000000938','Juan Bautista de Campos','DNI','418128410'),('C0000000939','Leonor Ugarte Salas','DNI','191995120'),('C0000000940','Hermenegildo de Tolosa','DNI','454124110'),('C0000000941','Lisandro Benavides Barba','DNI','468885250'),('C0000000942','Zacaras Milla Fernandez','DNI','717935590'),('C0000000943','Leyre Ponce-Quintana','DNI','173748150'),('C0000000944','Palmira Moreno Manzanares','DNI','417797160'),('C0000000945','Amancio Bermdez Flor','DNI','153795710'),('C0000000946','Baltasar Tllez Vargas','DNI','136867310'),('C0000000947','Mara Fernanda Delia Rovira Taboada','DNI','152884960'),('C0000000948','Hctor Galvn','DNI','479998750'),('C0000000949','Matas Rincn-Roldan','DNI','168116860'),('C0000000950','Benigno Folch Villaverde','DNI','781184860'),('C0000000951','Ariel Bejarano Gimenez','DNI','431269970'),('C0000000952','Romn Villa Marqus','DNI','167695610'),('C0000000953','Dimas Ibarra Domnguez','DNI','116841510'),('C0000000954','igo Pavn Pol','DNI','451716920'),('C0000000955','Fernanda Oliv Garmendia','DNI','421864410'),('C0000000956','Norberto Chucho Raya Saldaa','DNI','421575670'),('C0000000957','Clementina Salcedo Valenzuela','DNI','334299110'),('C0000000958','Brunilda Paredes Vilar','DNI','417642790'),('C0000000959','Ester Gras Talavera','DNI','267161660'),('C0000000960','Jonatan del Guzman','DNI','239778990'),('C0000000961','Susanita Polo Pons','DNI','429916150'),('C0000000962','Emiliano Galvn Madrigal','DNI','414751660'),('C0000000963','Palmira Tllez Rosales','DNI','481717520'),('C0000000964','Gracia Jos Puente Belmonte','DNI','482126540'),('C0000000965','Ariel Alejo Blzquez Castells','DNI','481469660'),('C0000000966','Juan Antonio Solana-Torrijos','DNI','451158260'),('C0000000967','Guiomar Juregui Ochoa','DNI','443181490'),('C0000000968','Mayte Luz Bolaos','DNI','766673540'),('C0000000969','Florencio Lpez Diez','DNI','418895380'),('C0000000970','Pepito Sedano Pou','DNI','714314490'),('C0000000971','Aitana Gelabert Guardiola','DNI','742819610'),('C0000000972','Luis Pellicer Fbregas','DNI','813571130'),('C0000000973','Herminio Pereira Redondo','DNI','465231220'),('C0000000974','Primitiva Quintero Sacristn','DNI','267241660'),('C0000000975','Evangelina Esparza Mariscal','DNI','111238860'),('C0000000976','Celia Aguil Duran','DNI','167358210'),('C0000000977','Olivia del Grau','DNI','416663610'),('C0000000978','Juan Bautista Valderrama Mndez','DNI','462511310'),('C0000000979','Carina Caete Alcolea','DNI','153325510'),('C0000000980','Ambrosio Calatayud Revilla','DNI','187226140'),('C0000000981','Ildefonso de Fajardo','DNI','175397510'),('C0000000982','Edelmira Baeza-Rodriguez','DNI','471485130'),('C0000000983','Socorro Castro Agust','DNI','431243610'),('C0000000984','Calixto vila Pintor','DNI','476313890'),('C0000000985','Severiano de Morn','DNI','621141810'),('C0000000986','Olimpia Valls Calvet','DNI','726953770'),('C0000000987','Vito del Lara','DNI','813151630'),('C0000000988','Teodosio Arteaga Nicolau','DNI','411134120'),('C0000000989','Juan Luis Amors Calvet','DNI','765745360'),('C0000000990','Olivia del Mart','DNI','465998910'),('C0000000991','Nicanor Pea Tudela','DNI','463921750'),('C0000000992','Elena Torre Blazquez','DNI','421682660'),('C0000000993','Adriana Zabala','DNI','411666610'),('C0000000994','Ysica Carnero','DNI','436616620'),('C0000000995','Luis Miguel Gutierrez Llabrs','DNI','486589220'),('C0000000996','Josu Salom Gonzlez','DNI','426758630'),('C0000000997','Montserrat Tom','DNI','416841750'),('C0000000998','Berta Izaguirre-Coll','DNI','485123110'),('C0000000999','Asuncin Arnaiz Castellanos','DNI','296657170'),('C0000001000','Nilo Porras Casas','DNI','714974560'),('C0000001001','Jose','DNI','12354522'),('C0000001002','xzcz','dni','223232323'),('C0000001003','abcdef','DNI','111111111111'),('C0000001004','aaaa','DNI','11112222'),('C0000001005','Jose','DNI','12354522'),('C0000001006','MisterBracke','DNI','32131'),('C0000001007','MisterBracke','DNI','32131'),('C0000001008','xdxdxd','DNI','11111222222'),('C0000001009','Luis Alvaro Monzon','DNI','24718855'),('C0000001010','Luis Palma','DNI','5613'),('C0000001011','Andrea','DNI','785451212');
/*!40000 ALTER TABLE `Cliente` ENABLE KEYS */;
UNLOCK TABLES;
/*!50003 SET @saved_cs_client      = @@character_set_client */ ;
/*!50003 SET @saved_cs_results     = @@character_set_results */ ;
/*!50003 SET @saved_col_connection = @@collation_connection */ ;
/*!50003 SET character_set_client  = utf8mb4 */ ;
/*!50003 SET character_set_results = utf8mb4 */ ;
/*!50003 SET collation_connection  = utf8mb4_0900_ai_ci */ ;
/*!50003 SET @saved_sql_mode       = @@sql_mode */ ;
/*!50003 SET sql_mode              = 'NO_ENGINE_SUBSTITUTION' */ ;
DELIMITER ;;
/*!50003 CREATE*/ /*!50017 DEFINER=`daisl07_dsiproyecto03`@`%`*/ /*!50003 TRIGGER `generar_IdCliente` BEFORE INSERT ON `Cliente` FOR EACH ROW BEGIN
    DECLARE maxId INT;
    SET maxId = (SELECT MAX(CAST(SUBSTRING(IdCliente, 2) AS UNSIGNED)) FROM Cliente);
    SET NEW.IdCliente = CONCAT('C', LPAD(maxId + 1, 10, '0'));
END */;;
DELIMITER ;
/*!50003 SET sql_mode              = @saved_sql_mode */ ;
/*!50003 SET character_set_client  = @saved_cs_client */ ;
/*!50003 SET character_set_results = @saved_cs_results */ ;
/*!50003 SET collation_connection  = @saved_col_connection */ ;

--
-- Table structure for table `Consumible`
--

DROP TABLE IF EXISTS `Consumible`;
/*!40101 SET @saved_cs_client     = @@character_set_client */;
/*!50503 SET character_set_client = utf8mb4 */;
CREATE TABLE `Consumible` (
  `IdConsumible` varchar(11) NOT NULL,
  `IdCategoria` varchar(11) DEFAULT NULL,
  `Nombre` varchar(20) DEFAULT NULL,
  `Descripcion` varchar(500) DEFAULT NULL,
  `Imagen` varchar(100) DEFAULT NULL,
  `PrecioUnitario` decimal(10,0) DEFAULT NULL,
  PRIMARY KEY (`IdConsumible`),
  KEY `IdCategoria` (`IdCategoria`),
  CONSTRAINT `Consumible_ibfk_1` FOREIGN KEY (`IdCategoria`) REFERENCES `Categoria` (`IdCategoria`)
) ENGINE=InnoDB DEFAULT CHARSET=utf8mb4 COLLATE=utf8mb4_0900_ai_ci;
/*!40101 SET character_set_client = @saved_cs_client */;

--
-- Dumping data for table `Consumible`
--

LOCK TABLES `Consumible` WRITE;
/*!40000 ALTER TABLE `Consumible` DISABLE KEYS */;
INSERT INTO `Consumible` VALUES ('Consu001','CAT001','Taco de Pollo','Pollo deshebrado, cebolla, cilantro picado, salsa, aguacate, limn.','taco_pollo.jpg',9),('Consu002','CAT001','Taco de res','Carne asada, cebolla, cilantro picado, salsa, aguacate, limn.','taco_carne.jpg',9),('Consu003','CAT001','Taco de chorizo','Chorizo, cebolla, cilantro picado, salsa, aguacate, limn.','taco_chorizo.jpg',9),('Consu004','CAT001','Taco combinado','Res, chorizo, cebolla, cilantro picado, salsa, aguacate, limn.','taco_combinado.jpg',9),('Consu005','CAT001','Taco mixto','Pollo, res, chorizo, cebolla, cilantro picado, salsa, aguacate, limn.','taco_mixto.jpg',9),('Consu006','CAT001','Taco de lechon','Lechon, cebolla, cilantro picado, salsa, aguacate, limn.','taco_lechon.jpg',9),('Consu007','CAT001','Taco super mixto','Pollo, res, chorizo, lechon, cebolla, cilantro picado, salsa, aguacate, limn.','taco_smixto.jpg',9),('Consu008','CAT004','Cerveza','asdf','s',3);
/*!40000 ALTER TABLE `Consumible` ENABLE KEYS */;
UNLOCK TABLES;
/*!50003 SET @saved_cs_client      = @@character_set_client */ ;
/*!50003 SET @saved_cs_results     = @@character_set_results */ ;
/*!50003 SET @saved_col_connection = @@collation_connection */ ;
/*!50003 SET character_set_client  = utf8mb4 */ ;
/*!50003 SET character_set_results = utf8mb4 */ ;
/*!50003 SET collation_connection  = utf8mb4_0900_ai_ci */ ;
/*!50003 SET @saved_sql_mode       = @@sql_mode */ ;
/*!50003 SET sql_mode              = 'NO_ENGINE_SUBSTITUTION' */ ;
DELIMITER ;;
/*!50003 CREATE*/ /*!50017 DEFINER=`daisl07_dsiproyecto03`@`%`*/ /*!50003 TRIGGER `generar_IdConsumible` BEFORE INSERT ON `Consumible` FOR EACH ROW BEGIN
    DECLARE ultimo_id INT;
    DECLARE nuevo_id VARCHAR(11);
    
    -- Obtener el ltimo nmero de ID insertado
    SELECT SUBSTRING(IdConsumible, 6) INTO ultimo_id
    FROM Consumible
    WHERE SUBSTRING(IdConsumible, 1, 5) = 'Consu'
    ORDER BY CAST(SUBSTRING(IdConsumible, 6) AS UNSIGNED) DESC
    LIMIT 1;
    
    -- Generar el nuevo ID
    IF ultimo_id IS NULL THEN
        SET nuevo_id = 'Consu001';
    ELSE
        SET nuevo_id = CONCAT('Consu', LPAD(ultimo_id + 1, 3, '0'));
    END IF;
    
    -- Asignar el nuevo ID a la fila a insertar
    SET NEW.IdConsumible = nuevo_id;
END */;;
DELIMITER ;
/*!50003 SET sql_mode              = @saved_sql_mode */ ;
/*!50003 SET character_set_client  = @saved_cs_client */ ;
/*!50003 SET character_set_results = @saved_cs_results */ ;
/*!50003 SET collation_connection  = @saved_col_connection */ ;

--
-- Table structure for table `DetallePedido`
--

DROP TABLE IF EXISTS `DetallePedido`;
/*!40101 SET @saved_cs_client     = @@character_set_client */;
/*!50503 SET character_set_client = utf8mb4 */;
CREATE TABLE `DetallePedido` (
  `IdDetallePedido` varchar(11) NOT NULL,
  `IdPedido` varchar(11) DEFAULT NULL,
  `IdConsumible` varchar(11) DEFAULT NULL,
  `Cantidad` int DEFAULT NULL,
  `PrecioUnitario` decimal(10,0) DEFAULT NULL,
  PRIMARY KEY (`IdDetallePedido`),
  KEY `IdPedido` (`IdPedido`),
  KEY `IdConsumible` (`IdConsumible`),
  CONSTRAINT `DetallePedido_ibfk_1` FOREIGN KEY (`IdPedido`) REFERENCES `Pedido` (`IdPedido`) ON DELETE CASCADE,
  CONSTRAINT `DetallePedido_ibfk_2` FOREIGN KEY (`IdConsumible`) REFERENCES `Consumible` (`IdConsumible`) ON DELETE CASCADE
) ENGINE=InnoDB DEFAULT CHARSET=utf8mb4 COLLATE=utf8mb4_0900_ai_ci;
/*!40101 SET character_set_client = @saved_cs_client */;

--
-- Dumping data for table `DetallePedido`
--

LOCK TABLES `DetallePedido` WRITE;
/*!40000 ALTER TABLE `DetallePedido` DISABLE KEYS */;
INSERT INTO `DetallePedido` VALUES ('DP000000000','P0000000007','Consu001',3,9),('DP000000001','P0000000006','Consu001',2,9),('DP000000002','P0000000005','Consu003',4,9),('DP000000003','P0000000001','Consu003',3,9),('DP000000004','P0000000001','Consu006',2,9),('DP000000006','P0000000001','Consu001',9,9),('DP000000007','P0000000002','Consu002',1,9),('DP000000008','P0000000003','Consu003',9,9),('DP000000009','P0000000004','Consu004',5,9),('DP000000010','P0000000005','Consu005',8,9),('DP000000011','P0000000006','Consu006',5,9),('DP000000012','P0000000007','Consu007',9,9),('DP000000013','P0000000010','Consu001',4,9),('DP000000014','P0000000011','Consu002',2,9),('DP000000015','P0000000001','Consu001',9,9),('DP000000016','P0000000002','Consu002',1,9),('DP000000017','P0000000003','Consu003',9,9),('DP000000018','P0000000004','Consu004',5,9),('DP000000019','P0000000005','Consu005',8,9),('DP000000020','P0000000006','Consu006',5,9),('DP000000021','P0000000007','Consu007',9,9),('DP000000022','P0000000010','Consu001',4,9),('DP000000023','P0000000011','Consu002',2,9),('DP000000024','P0000000012','Consu003',2,9),('DP000000025','P0000000013','Consu004',1,9),('DP000000026','P0000000014','Consu005',2,9),('DP000000027','P0000000015','Consu006',1,9),('DP000000028','P0000000016','Consu007',5,9),('DP000000029','P0000000019','Consu001',3,9),('DP000000030','P0000000020','Consu002',5,9),('DP000000031','P0000000021','Consu003',7,9),('DP000000032','P0000000022','Consu004',6,9),('DP000000033','P0000000023','Consu005',2,9),('DP000000034','P0000000024','Consu006',3,9),('DP000000035','P0000000025','Consu007',6,9),('DP000000036','P0000000028','Consu001',1,9),('DP000000037','P0000000029','Consu002',2,9),('DP000000038','P0000000030','Consu003',2,9),('DP000000039','P0000000031','Consu004',5,9),('DP000000040','P0000000032','Consu005',4,9),('DP000000041','P0000000033','Consu006',6,9),('DP000000042','P0000000034','Consu007',10,9),('DP000000043','P0000000037','Consu001',3,9),('DP000000044','P0000000038','Consu002',10,9),('DP000000045','P0000000039','Consu003',5,9),('DP000000046','P0000000040','Consu004',3,9),('DP000000047','P0000000041','Consu005',9,9),('DP000000048','P0000000042','Consu006',5,9),('DP000000049','P0000000043','Consu007',4,9),('DP000000050','P0000000046','Consu001',4,9),('DP000000051','P0000000047','Consu002',4,9),('DP000000052','P0000000048','Consu003',6,9),('DP000000053','P0000000049','Consu004',8,9),('DP000000054','P0000000050','Consu005',5,9),('DP000000055','P0000000051','Consu006',7,9),('DP000000056','P0000000052','Consu007',6,9),('DP000000057','P0000000055','Consu001',4,9),('DP000000058','P0000000056','Consu002',1,9),('DP000000059','P0000000057','Consu003',1,9),('DP000000060','P0000000058','Consu004',6,9),('DP000000061','P0000000059','Consu005',8,9),('DP000000062','P0000000060','Consu006',8,9),('DP000000063','P0000000061','Consu007',7,9),('DP000000064','P0000000064','Consu001',10,9),('DP000000065','P0000000065','Consu002',1,9),('DP000000066','P0000000066','Consu003',5,9),('DP000000067','P0000000067','Consu004',1,9),('DP000000068','P0000000068','Consu005',10,9),('DP000000069','P0000000069','Consu006',6,9),('DP000000070','P0000000070','Consu007',6,9),('DP000000071','P0000000073','Consu001',8,9),('DP000000072','P0000000074','Consu002',1,9),('DP000000073','P0000000075','Consu003',2,9),('DP000000074','P0000000076','Consu004',7,9),('DP000000075','P0000000077','Consu005',8,9),('DP000000076','P0000000078','Consu006',1,9),('DP000000077','P0000000079','Consu007',7,9),('DP000000078','P0000000082','Consu001',4,9),('DP000000079','P0000000083','Consu002',6,9),('DP000000080','P0000000084','Consu003',2,9),('DP000000081','P0000000085','Consu004',8,9),('DP000000082','P0000000086','Consu005',9,9),('DP000000083','P0000000087','Consu006',9,9),('DP000000084','P0000000088','Consu007',2,9),('DP000000085','P0000000091','Consu001',6,9),('DP000000086','P0000000092','Consu002',1,9),('DP000000087','P0000000093','Consu003',5,9),('DP000000088','P0000000094','Consu004',5,9),('DP000000089','P0000000095','Consu005',2,9),('DP000000090','P0000000096','Consu006',5,9),('DP000000091','P0000000097','Consu007',1,9),('DP000000092','P0000000100','Consu001',5,9),('DP000000093','P0000000101','Consu002',6,9),('DP000000094','P0000000102','Consu003',9,9),('DP000000095','P0000000103','Consu004',7,9),('DP000000096','P0000000104','Consu005',2,9),('DP000000097','P0000000105','Consu006',7,9),('DP000000098','P0000000106','Consu007',1,9),('DP000000099','P0000000109','Consu001',10,9),('DP000000100','P0000000110','Consu002',2,9),('DP000000101','P0000000111','Consu003',6,9),('DP000000102','P0000000112','Consu004',3,9),('DP000000103','P0000000113','Consu005',1,9),('DP000000104','P0000000114','Consu006',1,9),('DP000000105','P0000000115','Consu007',2,9),('DP000000106','P0000000118','Consu001',2,9),('DP000000107','P0000000119','Consu002',10,9),('DP000000108','P0000000120','Consu003',7,9),('DP000000109','P0000000121','Consu004',9,9),('DP000000110','P0000000122','Consu005',6,9),('DP000000111','P0000000123','Consu006',10,9),('DP000000112','P0000000124','Consu007',1,9),('DP000000113','P0000000127','Consu001',4,9),('DP000000114','P0000000128','Consu002',5,9),('DP000000115','P0000000129','Consu003',9,9),('DP000000116','P0000000130','Consu004',3,9),('DP000000117','P0000000131','Consu005',5,9),('DP000000118','P0000000132','Consu006',10,9),('DP000000119','P0000000133','Consu007',7,9),('DP000000120','P0000000136','Consu001',7,9),('DP000000121','P0000000137','Consu002',8,9),('DP000000122','P0000000138','Consu003',5,9),('DP000000123','P0000000139','Consu004',7,9),('DP000000124','P0000000140','Consu005',1,9),('DP000000125','P0000000141','Consu006',10,9),('DP000000126','P0000000142','Consu007',8,9),('DP000000127','P0000000145','Consu001',1,9),('DP000000128','P0000000146','Consu002',2,9),('DP000000129','P0000000147','Consu003',10,9),('DP000000130','P0000000148','Consu004',7,9),('DP000000131','P0000000149','Consu005',8,9),('DP000000132','P0000000150','Consu006',9,9),('DP000000133','P0000000151','Consu007',6,9),('DP000000134','P0000000154','Consu001',1,9),('DP000000135','P0000000155','Consu002',9,9),('DP000000136','P0000000156','Consu003',9,9),('DP000000137','P0000000157','Consu004',4,9),('DP000000138','P0000000158','Consu005',3,9),('DP000000139','P0000000159','Consu006',7,9),('DP000000140','P0000000160','Consu007',10,9),('DP000000141','P0000000163','Consu001',6,9),('DP000000142','P0000000164','Consu002',4,9),('DP000000143','P0000000165','Consu003',4,9),('DP000000144','P0000000166','Consu004',5,9),('DP000000145','P0000000167','Consu005',10,9),('DP000000146','P0000000168','Consu006',7,9),('DP000000147','P0000000169','Consu007',4,9),('DP000000148','P0000000172','Consu001',5,9),('DP000000149','P0000000173','Consu002',10,9),('DP000000150','P0000000174','Consu003',10,9),('DP000000151','P0000000175','Consu004',4,9),('DP000000152','P0000000176','Consu005',3,9),('DP000000153','P0000000177','Consu006',7,9),('DP000000154','P0000000178','Consu007',10,9),('DP000000155','P0000000181','Consu001',7,9),('DP000000156','P0000000182','Consu002',8,9),('DP000000157','P0000000183','Consu003',3,9),('DP000000158','P0000000184','Consu004',6,9),('DP000000159','P0000000185','Consu005',9,9),('DP000000160','P0000000186','Consu006',10,9),('DP000000161','P0000000187','Consu007',3,9),('DP000000162','P0000000190','Consu001',2,9),('DP000000163','P0000000191','Consu002',10,9),('DP000000164','P0000000192','Consu003',9,9),('DP000000165','P0000000193','Consu004',6,9),('DP000000166','P0000000194','Consu005',9,9),('DP000000167','P0000000195','Consu006',5,9),('DP000000168','P0000000196','Consu007',3,9),('DP000000169','P0000000199','Consu001',3,9),('DP000000170','P0000000200','Consu002',10,9),('DP000000171','P0000000201','Consu003',7,9),('DP000000172','P0000000202','Consu004',6,9),('DP000000173','P0000000203','Consu005',1,9),('DP000000174','P0000000204','Consu006',3,9),('DP000000175','P0000000205','Consu007',3,9),('DP000000176','P0000000208','Consu001',5,9),('DP000000177','P0000000209','Consu002',1,9),('DP000000178','P0000000210','Consu003',1,9),('DP000000179','P0000000211','Consu004',2,9),('DP000000180','P0000000212','Consu005',6,9),('DP000000181','P0000000213','Consu006',4,9),('DP000000182','P0000000214','Consu007',8,9),('DP000000183','P0000000217','Consu001',3,9),('DP000000184','P0000000218','Consu002',9,9),('DP000000185','P0000000219','Consu003',7,9),('DP000000186','P0000000220','Consu004',9,9),('DP000000187','P0000000221','Consu005',5,9),('DP000000188','P0000000222','Consu006',2,9),('DP000000189','P0000000223','Consu007',4,9),('DP000000190','P0000000226','Consu001',3,9),('DP000000191','P0000000227','Consu002',5,9),('DP000000192','P0000000228','Consu003',10,9),('DP000000193','P0000000229','Consu004',8,9),('DP000000194','P0000000230','Consu005',6,9),('DP000000195','P0000000231','Consu006',8,9),('DP000000196','P0000000232','Consu007',5,9),('DP000000197','P0000000235','Consu001',7,9),('DP000000198','P0000000236','Consu002',2,9),('DP000000199','P0000000237','Consu003',1,9),('DP000000200','P0000000238','Consu004',1,9),('DP000000201','P0000000239','Consu005',10,9),('DP000000202','P0000000240','Consu006',4,9),('DP000000203','P0000000241','Consu007',3,9),('DP000000204','P0000000244','Consu001',9,9),('DP000000205','P0000000245','Consu002',2,9),('DP000000206','P0000000246','Consu003',3,9),('DP000000207','P0000000247','Consu004',2,9),('DP000000208','P0000000248','Consu005',10,9),('DP000000209','P0000000249','Consu006',4,9),('DP000000210','P0000000250','Consu007',3,9),('DP000000211','P0000000253','Consu001',8,9),('DP000000212','P0000000254','Consu002',7,9),('DP000000213','P0000000255','Consu003',3,9),('DP000000214','P0000000256','Consu004',6,9),('DP000000215','P0000000257','Consu005',3,9),('DP000000216','P0000000258','Consu006',5,9),('DP000000217','P0000000259','Consu007',7,9),('DP000000218','P0000000262','Consu001',7,9),('DP000000219','P0000000263','Consu002',4,9),('DP000000220','P0000000264','Consu003',1,9),('DP000000221','P0000000265','Consu004',10,9),('DP000000222','P0000000266','Consu005',1,9),('DP000000223','P0000000267','Consu006',10,9),('DP000000224','P0000000268','Consu007',6,9),('DP000000225','P0000000271','Consu001',5,9),('DP000000226','P0000000272','Consu002',3,9),('DP000000227','P0000000273','Consu003',2,9),('DP000000228','P0000000274','Consu004',1,9),('DP000000229','P0000000275','Consu005',4,9),('DP000000230','P0000000276','Consu006',2,9),('DP000000231','P0000000277','Consu007',9,9),('DP000000232','P0000000280','Consu001',10,9),('DP000000233','P0000000281','Consu002',5,9),('DP000000234','P0000000282','Consu003',9,9),('DP000000235','P0000000283','Consu004',6,9),('DP000000236','P0000000284','Consu005',8,9),('DP000000237','P0000000285','Consu006',6,9),('DP000000238','P0000000286','Consu007',1,9),('DP000000239','P0000000289','Consu001',7,9),('DP000000240','P0000000290','Consu002',4,9),('DP000000241','P0000000291','Consu003',7,9),('DP000000242','P0000000292','Consu004',9,9),('DP000000243','P0000000293','Consu005',2,9),('DP000000244','P0000000294','Consu006',10,9),('DP000000245','P0000000295','Consu007',7,9),('DP000000246','P0000000298','Consu001',1,9),('DP000000247','P0000000299','Consu002',1,9),('DP000000248','P0000000300','Consu003',4,9),('DP000000249','P0000000301','Consu004',7,9),('DP000000250','P0000000302','Consu005',6,9),('DP000000251','P0000000303','Consu006',5,9),('DP000000252','P0000000304','Consu007',9,9),('DP000000253','P0000000307','Consu001',1,9),('DP000000254','P0000000308','Consu002',3,9),('DP000000255','P0000000309','Consu003',5,9),('DP000000256','P0000000310','Consu004',10,9),('DP000000257','P0000000311','Consu005',3,9),('DP000000258','P0000000312','Consu006',6,9),('DP000000259','P0000000313','Consu007',9,9),('DP000000260','P0000000316','Consu001',7,9),('DP000000261','P0000000317','Consu002',4,9),('DP000000262','P0000000318','Consu003',8,9),('DP000000263','P0000000319','Consu004',9,9),('DP000000264','P0000000320','Consu005',10,9),('DP000000265','P0000000321','Consu006',10,9),('DP000000266','P0000000322','Consu007',4,9),('DP000000267','P0000000325','Consu001',4,9),('DP000000268','P0000000326','Consu002',4,9),('DP000000269','P0000000327','Consu003',2,9),('DP000000270','P0000000328','Consu004',6,9),('DP000000271','P0000000329','Consu005',7,9),('DP000000272','P0000000330','Consu006',10,9),('DP000000273','P0000000331','Consu007',2,9),('DP000000274','P0000000334','Consu001',2,9),('DP000000275','P0000000335','Consu002',5,9),('DP000000276','P0000000336','Consu003',8,9),('DP000000277','P0000000337','Consu004',8,9),('DP000000278','P0000000338','Consu005',4,9),('DP000000279','P0000000339','Consu006',9,9),('DP000000280','P0000000340','Consu007',7,9),('DP000000281','P0000000343','Consu001',7,9),('DP000000282','P0000000344','Consu002',3,9),('DP000000283','P0000000345','Consu003',4,9),('DP000000284','P0000000346','Consu004',2,9),('DP000000285','P0000000347','Consu005',4,9),('DP000000286','P0000000348','Consu006',8,9),('DP000000287','P0000000349','Consu007',7,9),('DP000000288','P0000000352','Consu001',3,9),('DP000000289','P0000000353','Consu002',4,9),('DP000000290','P0000000354','Consu003',2,9),('DP000000291','P0000000355','Consu004',2,9),('DP000000292','P0000000356','Consu005',10,9),('DP000000293','P0000000357','Consu006',8,9),('DP000000294','P0000000358','Consu007',9,9),('DP000000295','P0000000361','Consu001',1,9),('DP000000296','P0000000362','Consu002',4,9),('DP000000297','P0000000363','Consu003',6,9),('DP000000298','P0000000364','Consu004',6,9),('DP000000299','P0000000365','Consu005',5,9),('DP000000300','P0000000366','Consu006',6,9),('DP000000301','P0000000367','Consu007',2,9),('DP000000302','P0000000370','Consu001',2,9),('DP000000303','P0000000371','Consu002',8,9),('DP000000304','P0000000372','Consu003',10,9),('DP000000305','P0000000373','Consu004',3,9),('DP000000306','P0000000374','Consu005',4,9),('DP000000307','P0000000375','Consu006',8,9),('DP000000308','P0000000376','Consu007',1,9),('DP000000309','P0000000379','Consu001',8,9),('DP000000310','P0000000380','Consu002',1,9),('DP000000311','P0000000381','Consu003',5,9),('DP000000312','P0000000382','Consu004',10,9),('DP000000313','P0000000383','Consu005',2,9),('DP000000314','P0000000384','Consu006',2,9),('DP000000315','P0000000385','Consu007',8,9),('DP000000316','P0000000388','Consu001',8,9),('DP000000317','P0000000389','Consu002',8,9),('DP000000318','P0000000390','Consu003',1,9),('DP000000319','P0000000391','Consu004',6,9),('DP000000320','P0000000392','Consu005',4,9),('DP000000321','P0000000393','Consu006',6,9),('DP000000322','P0000000394','Consu007',8,9),('DP000000323','P0000000397','Consu001',8,9),('DP000000324','P0000000398','Consu002',1,9),('DP000000325','P0000000399','Consu003',9,9),('DP000000326','P0000000400','Consu004',7,9),('DP000000327','P0000000401','Consu005',10,9),('DP000000328','P0000000402','Consu006',8,9),('DP000000329','P0000000403','Consu007',3,9),('DP000000330','P0000000406','Consu001',7,9),('DP000000331','P0000000407','Consu002',2,9),('DP000000332','P0000000408','Consu003',3,9),('DP000000333','P0000000409','Consu004',4,9),('DP000000334','P0000000410','Consu005',4,9),('DP000000335','P0000000411','Consu006',1,9),('DP000000336','P0000000412','Consu007',1,9),('DP000000337','P0000000415','Consu001',9,9),('DP000000338','P0000000416','Consu002',5,9),('DP000000339','P0000000417','Consu003',3,9),('DP000000340','P0000000418','Consu004',3,9),('DP000000341','P0000000419','Consu005',6,9),('DP000000342','P0000000420','Consu006',2,9),('DP000000343','P0000000421','Consu007',10,9),('DP000000344','P0000000424','Consu001',7,9),('DP000000345','P0000000425','Consu002',7,9),('DP000000346','P0000000426','Consu003',6,9),('DP000000347','P0000000427','Consu004',3,9),('DP000000348','P0000000428','Consu005',10,9),('DP000000349','P0000000429','Consu006',1,9),('DP000000350','P0000000430','Consu007',2,9),('DP000000351','P0000000433','Consu001',2,9),('DP000000352','P0000000434','Consu002',3,9),('DP000000353','P0000000435','Consu003',6,9),('DP000000354','P0000000436','Consu004',10,9),('DP000000355','P0000000437','Consu005',7,9),('DP000000356','P0000000438','Consu006',2,9),('DP000000357','P0000000439','Consu007',5,9),('DP000000358','P0000000442','Consu001',4,9),('DP000000359','P0000000443','Consu002',8,9),('DP000000360','P0000000444','Consu003',8,9),('DP000000361','P0000000445','Consu004',3,9),('DP000000362','P0000000446','Consu005',10,9),('DP000000363','P0000000447','Consu006',2,9),('DP000000364','P0000000448','Consu007',7,9),('DP000000365','P0000000451','Consu001',6,9),('DP000000366','P0000000452','Consu002',6,9),('DP000000367','P0000000453','Consu003',8,9),('DP000000368','P0000000454','Consu004',5,9),('DP000000369','P0000000455','Consu005',3,9),('DP000000370','P0000000456','Consu006',1,9),('DP000000371','P0000000457','Consu007',6,9),('DP000000372','P0000000460','Consu001',8,9),('DP000000373','P0000000461','Consu002',4,9),('DP000000374','P0000000462','Consu003',5,9),('DP000000375','P0000000463','Consu004',5,9),('DP000000376','P0000000464','Consu005',2,9),('DP000000377','P0000000465','Consu006',3,9),('DP000000378','P0000000466','Consu007',6,9),('DP000000379','P0000000469','Consu001',1,9),('DP000000380','P0000000470','Consu002',4,9),('DP000000381','P0000000471','Consu003',4,9),('DP000000382','P0000000472','Consu004',3,9),('DP000000383','P0000000473','Consu005',6,9),('DP000000384','P0000000474','Consu006',2,9),('DP000000385','P0000000475','Consu007',2,9),('DP000000386','P0000000478','Consu001',9,9),('DP000000387','P0000000479','Consu002',7,9),('DP000000388','P0000000480','Consu003',6,9),('DP000000389','P0000000481','Consu004',9,9),('DP000000390','P0000000482','Consu005',7,9),('DP000000391','P0000000483','Consu006',7,9),('DP000000392','P0000000484','Consu007',8,9),('DP000000393','P0000000487','Consu001',8,9),('DP000000394','P0000000488','Consu002',7,9),('DP000000395','P0000000489','Consu003',7,9),('DP000000396','P0000000490','Consu004',5,9),('DP000000397','P0000000491','Consu005',5,9),('DP000000398','P0000000492','Consu006',2,9),('DP000000399','P0000000493','Consu007',9,9),('DP000000400','P0000000496','Consu001',8,9),('DP000000401','P0000000497','Consu002',5,9),('DP000000402','P0000000498','Consu003',4,9),('DP000000403','P0000000499','Consu004',2,9),('DP000000404','P0000000500','Consu005',3,9),('DP000000405','P0000000501','Consu006',4,9),('DP000000406','P0000000502','Consu007',8,9),('DP000000407','P0000000505','Consu001',3,9),('DP000000408','P0000000506','Consu002',1,9),('DP000000409','P0000000507','Consu003',7,9),('DP000000410','P0000000508','Consu004',3,9),('DP000000411','P0000000509','Consu005',4,9),('DP000000412','P0000000510','Consu006',9,9),('DP000000413','P0000000511','Consu007',4,9),('DP000000414','P0000000514','Consu001',7,9),('DP000000415','P0000000515','Consu002',3,9),('DP000000416','P0000000516','Consu003',1,9),('DP000000417','P0000000517','Consu004',5,9),('DP000000418','P0000000518','Consu005',5,9),('DP000000419','P0000000519','Consu006',7,9),('DP000000420','P0000000520','Consu007',4,9),('DP000000421','P0000000523','Consu001',10,9),('DP000000422','P0000000524','Consu002',1,9),('DP000000423','P0000000525','Consu003',7,9),('DP000000424','P0000000526','Consu004',6,9),('DP000000425','P0000000527','Consu005',7,9),('DP000000426','P0000000528','Consu006',6,9),('DP000000427','P0000000529','Consu007',5,9),('DP000000428','P0000000532','Consu001',3,9),('DP000000429','P0000000533','Consu002',5,9),('DP000000430','P0000000534','Consu003',4,9),('DP000000431','P0000000535','Consu004',5,9),('DP000000432','P0000000536','Consu005',1,9),('DP000000433','P0000000537','Consu006',8,9),('DP000000434','P0000000538','Consu007',8,9),('DP000000435','P0000000541','Consu001',8,9),('DP000000436','P0000000542','Consu002',4,9),('DP000000437','P0000000543','Consu003',7,9),('DP000000438','P0000000544','Consu004',7,9),('DP000000439','P0000000545','Consu005',1,9),('DP000000440','P0000000546','Consu006',8,9),('DP000000441','P0000000547','Consu007',6,9),('DP000000442','P0000000550','Consu001',7,9),('DP000000443','P0000000551','Consu002',9,9),('DP000000444','P0000000552','Consu003',5,9),('DP000000445','P0000000553','Consu004',6,9),('DP000000446','P0000000554','Consu005',3,9),('DP000000447','P0000000555','Consu006',4,9),('DP000000448','P0000000556','Consu007',1,9),('DP000000449','P0000000559','Consu001',7,9),('DP000000450','P0000000560','Consu002',3,9),('DP000000451','P0000000561','Consu003',7,9),('DP000000452','P0000000562','Consu004',1,9),('DP000000453','P0000000563','Consu005',5,9),('DP000000454','P0000000564','Consu006',8,9),('DP000000455','P0000000565','Consu007',3,9),('DP000000456','P0000000568','Consu001',6,9),('DP000000457','P0000000569','Consu002',5,9),('DP000000458','P0000000570','Consu003',3,9),('DP000000459','P0000000571','Consu004',1,9),('DP000000460','P0000000572','Consu005',5,9),('DP000000461','P0000000573','Consu006',8,9),('DP000000462','P0000000574','Consu007',2,9),('DP000000463','P0000000577','Consu001',7,9),('DP000000464','P0000000578','Consu002',4,9),('DP000000465','P0000000579','Consu003',7,9),('DP000000466','P0000000580','Consu004',4,9),('DP000000467','P0000000581','Consu005',4,9),('DP000000468','P0000000582','Consu006',2,9),('DP000000469','P0000000583','Consu007',10,9),('DP000000470','P0000000586','Consu001',10,9),('DP000000471','P0000000587','Consu002',10,9),('DP000000472','P0000000588','Consu003',7,9),('DP000000473','P0000000589','Consu004',3,9),('DP000000474','P0000000590','Consu005',10,9),('DP000000475','P0000000591','Consu006',5,9),('DP000000476','P0000000592','Consu007',4,9),('DP000000477','P0000000595','Consu001',10,9),('DP000000478','P0000000596','Consu002',7,9),('DP000000479','P0000000597','Consu003',4,9),('DP000000480','P0000000598','Consu004',5,9),('DP000000481','P0000000599','Consu005',2,9),('DP000000482','P0000000600','Consu006',5,9),('DP000000483','P0000000601','Consu007',4,9),('DP000000484','P0000000604','Consu001',6,9),('DP000000485','P0000000605','Consu002',5,9),('DP000000486','P0000000606','Consu003',1,9),('DP000000487','P0000000607','Consu004',10,9),('DP000000488','P0000000608','Consu005',2,9),('DP000000489','P0000000609','Consu006',3,9),('DP000000490','P0000000610','Consu007',4,9),('DP000000491','P0000000613','Consu001',9,9),('DP000000492','P0000000614','Consu002',7,9),('DP000000493','P0000000615','Consu003',2,9),('DP000000494','P0000000616','Consu004',1,9),('DP000000495','P0000000617','Consu005',8,9),('DP000000496','P0000000618','Consu006',6,9),('DP000000497','P0000000619','Consu007',6,9),('DP000000498','P0000000622','Consu001',5,9),('DP000000499','P0000000623','Consu002',7,9),('DP000000500','P0000000624','Consu003',10,9),('DP000000501','P0000000625','Consu004',7,9),('DP000000502','P0000000626','Consu005',7,9),('DP000000503','P0000000627','Consu006',4,9),('DP000000504','P0000000628','Consu007',5,9),('DP000000505','P0000000631','Consu001',10,9),('DP000000506','P0000000632','Consu002',10,9),('DP000000507','P0000000633','Consu003',2,9),('DP000000508','P0000000634','Consu004',8,9),('DP000000509','P0000000635','Consu005',1,9),('DP000000510','P0000000636','Consu006',6,9),('DP000000511','P0000000637','Consu007',9,9),('DP000000512','P0000000640','Consu001',7,9),('DP000000513','P0000000641','Consu002',10,9),('DP000000514','P0000000642','Consu003',10,9),('DP000000515','P0000000643','Consu004',4,9),('DP000000516','P0000000644','Consu005',10,9),('DP000000517','P0000000645','Consu006',1,9),('DP000000518','P0000000646','Consu007',9,9),('DP000000519','P0000000649','Consu001',4,9),('DP000000520','P0000000650','Consu002',8,9),('DP000000521','P0000000651','Consu003',3,9),('DP000000522','P0000000652','Consu004',8,9),('DP000000523','P0000000653','Consu005',5,9),('DP000000524','P0000000654','Consu006',1,9),('DP000000525','P0000000655','Consu007',3,9),('DP000000526','P0000000658','Consu001',3,9),('DP000000527','P0000000659','Consu002',5,9),('DP000000528','P0000000660','Consu003',4,9),('DP000000529','P0000000661','Consu004',10,9),('DP000000530','P0000000662','Consu005',5,9),('DP000000531','P0000000663','Consu006',8,9),('DP000000532','P0000000664','Consu007',5,9),('DP000000533','P0000000667','Consu001',5,9),('DP000000534','P0000000668','Consu002',3,9),('DP000000535','P0000000669','Consu003',1,9),('DP000000536','P0000000670','Consu004',8,9),('DP000000537','P0000000671','Consu005',9,9),('DP000000538','P0000000672','Consu006',7,9),('DP000000539','P0000000673','Consu007',1,9),('DP000000540','P0000000676','Consu001',10,9),('DP000000541','P0000000677','Consu002',9,9),('DP000000542','P0000000678','Consu003',5,9),('DP000000543','P0000000679','Consu004',4,9),('DP000000544','P0000000680','Consu005',4,9),('DP000000545','P0000000681','Consu006',7,9),('DP000000546','P0000000682','Consu007',2,9),('DP000000547','P0000000685','Consu001',4,9),('DP000000548','P0000000686','Consu002',6,9),('DP000000549','P0000000687','Consu003',4,9),('DP000000550','P0000000688','Consu004',9,9),('DP000000551','P0000000689','Consu005',5,9),('DP000000552','P0000000690','Consu006',8,9),('DP000000553','P0000000691','Consu007',5,9),('DP000000554','P0000000694','Consu001',4,9),('DP000000555','P0000000695','Consu002',6,9),('DP000000556','P0000000696','Consu003',1,9),('DP000000557','P0000000697','Consu004',4,9),('DP000000558','P0000000698','Consu005',7,9),('DP000000559','P0000000699','Consu006',4,9),('DP000000560','P0000000700','Consu007',8,9),('DP000000561','P0000000703','Consu001',10,9),('DP000000562','P0000000704','Consu002',9,9),('DP000000563','P0000000705','Consu003',9,9),('DP000000564','P0000000706','Consu004',1,9),('DP000000565','P0000000707','Consu005',4,9),('DP000000566','P0000000708','Consu006',7,9),('DP000000567','P0000000709','Consu007',7,9),('DP000000568','P0000000712','Consu001',7,9),('DP000000569','P0000000713','Consu002',10,9),('DP000000570','P0000000714','Consu003',8,9),('DP000000571','P0000000715','Consu004',7,9),('DP000000572','P0000000716','Consu005',2,9),('DP000000573','P0000000717','Consu006',7,9),('DP000000574','P0000000718','Consu007',2,9),('DP000000575','P0000000721','Consu001',4,9),('DP000000576','P0000000722','Consu002',7,9),('DP000000577','P0000000723','Consu003',2,9),('DP000000578','P0000000724','Consu004',6,9),('DP000000579','P0000000725','Consu005',7,9),('DP000000580','P0000000726','Consu006',1,9),('DP000000581','P0000000727','Consu007',3,9),('DP000000582','P0000000730','Consu001',7,9),('DP000000583','P0000000731','Consu002',10,9),('DP000000584','P0000000732','Consu003',7,9),('DP000000585','P0000000733','Consu004',10,9),('DP000000586','P0000000734','Consu005',10,9),('DP000000587','P0000000735','Consu006',2,9),('DP000000588','P0000000736','Consu007',9,9),('DP000000589','P0000000739','Consu001',9,9),('DP000000590','P0000000740','Consu002',4,9),('DP000000591','P0000000741','Consu003',8,9),('DP000000592','P0000000742','Consu004',4,9),('DP000000593','P0000000743','Consu005',10,9),('DP000000594','P0000000744','Consu006',5,9),('DP000000595','P0000000745','Consu007',8,9),('DP000000596','P0000000748','Consu001',10,9),('DP000000597','P0000000749','Consu002',10,9),('DP000000598','P0000000750','Consu003',4,9),('DP000000599','P0000000751','Consu004',10,9),('DP000000600','P0000000752','Consu005',8,9),('DP000000601','P0000000753','Consu006',8,9),('DP000000602','P0000000754','Consu007',7,9),('DP000000603','P0000000757','Consu001',10,9),('DP000000604','P0000000758','Consu002',1,9),('DP000000605','P0000000759','Consu003',4,9),('DP000000606','P0000000760','Consu004',7,9),('DP000000607','P0000000761','Consu005',7,9),('DP000000608','P0000000762','Consu006',3,9),('DP000000609','P0000000763','Consu007',4,9),('DP000000610','P0000000766','Consu001',3,9),('DP000000611','P0000000767','Consu002',1,9),('DP000000612','P0000000768','Consu003',3,9),('DP000000613','P0000000769','Consu004',1,9),('DP000000614','P0000000770','Consu005',2,9),('DP000000615','P0000000771','Consu006',6,9),('DP000000616','P0000000772','Consu007',10,9),('DP000000617','P0000000775','Consu001',6,9),('DP000000618','P0000000776','Consu002',2,9),('DP000000619','P0000000777','Consu003',2,9),('DP000000620','P0000000778','Consu004',9,9),('DP000000621','P0000000779','Consu005',9,9),('DP000000622','P0000000780','Consu006',7,9),('DP000000623','P0000000781','Consu007',3,9),('DP000000624','P0000000784','Consu001',10,9),('DP000000625','P0000000785','Consu002',9,9),('DP000000626','P0000000786','Consu003',7,9),('DP000000627','P0000000787','Consu004',6,9),('DP000000628','P0000000788','Consu005',9,9),('DP000000629','P0000000789','Consu006',10,9),('DP000000630','P0000000790','Consu007',3,9),('DP000000631','P0000000793','Consu001',1,9),('DP000000632','P0000000794','Consu002',8,9),('DP000000633','P0000000795','Consu003',1,9),('DP000000634','P0000000796','Consu004',4,9),('DP000000635','P0000000797','Consu005',9,9),('DP000000636','P0000000798','Consu006',2,9),('DP000000637','P0000000799','Consu007',10,9),('DP000000638','P0000000802','Consu001',3,9),('DP000000639','P0000000803','Consu002',9,9),('DP000000640','P0000000804','Consu003',3,9),('DP000000641','P0000000805','Consu004',8,9),('DP000000642','P0000000806','Consu005',1,9),('DP000000643','P0000000807','Consu006',9,9),('DP000000644','P0000000808','Consu007',8,9),('DP000000645','P0000000811','Consu001',1,9),('DP000000646','P0000000812','Consu002',8,9),('DP000000647','P0000000813','Consu003',10,9),('DP000000648','P0000000814','Consu004',1,9),('DP000000649','P0000000815','Consu005',3,9),('DP000000650','P0000000816','Consu006',7,9),('DP000000651','P0000000817','Consu007',2,9),('DP000000652','P0000000820','Consu001',8,9),('DP000000653','P0000000821','Consu002',10,9),('DP000000654','P0000000822','Consu003',6,9),('DP000000655','P0000000823','Consu004',8,9),('DP000000656','P0000000824','Consu005',5,9),('DP000000657','P0000000825','Consu006',10,9),('DP000000658','P0000000826','Consu007',6,9),('DP000000659','P0000000829','Consu001',9,9),('DP000000660','P0000000830','Consu002',3,9),('DP000000661','P0000000831','Consu003',7,9),('DP000000662','P0000000832','Consu004',6,9),('DP000000663','P0000000833','Consu005',2,9),('DP000000664','P0000000834','Consu006',1,9),('DP000000665','P0000000835','Consu007',5,9),('DP000000666','P0000000838','Consu001',8,9),('DP000000667','P0000000839','Consu002',2,9),('DP000000668','P0000000840','Consu003',6,9),('DP000000669','P0000000841','Consu004',7,9),('DP000000670','P0000000842','Consu005',3,9),('DP000000671','P0000000843','Consu006',8,9),('DP000000672','P0000000844','Consu007',2,9),('DP000000673','P0000000847','Consu001',10,9),('DP000000674','P0000000848','Consu002',2,9),('DP000000675','P0000000849','Consu003',4,9),('DP000000676','P0000000850','Consu004',8,9),('DP000000677','P0000000851','Consu005',5,9),('DP000000678','P0000000852','Consu006',1,9),('DP000000679','P0000000853','Consu007',6,9),('DP000000680','P0000000856','Consu001',1,9),('DP000000681','P0000000857','Consu002',10,9),('DP000000682','P0000000858','Consu003',8,9),('DP000000683','P0000000859','Consu004',7,9),('DP000000684','P0000000860','Consu005',1,9),('DP000000685','P0000000861','Consu006',6,9),('DP000000686','P0000000862','Consu007',6,9),('DP000000687','P0000000865','Consu001',6,9),('DP000000688','P0000000866','Consu002',7,9),('DP000000689','P0000000867','Consu003',8,9),('DP000000690','P0000000868','Consu004',2,9),('DP000000691','P0000000869','Consu005',10,9),('DP000000692','P0000000870','Consu006',4,9),('DP000000693','P0000000871','Consu007',8,9),('DP000000694','P0000000874','Consu001',6,9),('DP000000695','P0000000875','Consu002',3,9),('DP000000696','P0000000876','Consu003',1,9),('DP000000697','P0000000877','Consu004',9,9),('DP000000698','P0000000878','Consu005',2,9),('DP000000699','P0000000879','Consu006',2,9),('DP000000700','P0000000880','Consu007',3,9),('DP000000701','P0000000883','Consu001',7,9),('DP000000702','P0000000884','Consu002',8,9),('DP000000703','P0000000885','Consu003',10,9),('DP000000704','P0000000886','Consu004',6,9),('DP000000705','P0000000887','Consu005',1,9),('DP000000706','P0000000888','Consu006',10,9),('DP000000707','P0000000889','Consu007',5,9),('DP000000708','P0000000892','Consu001',8,9),('DP000000709','P0000000893','Consu002',2,9),('DP000000710','P0000000894','Consu003',9,9),('DP000000711','P0000000895','Consu004',10,9),('DP000000712','P0000000896','Consu005',1,9),('DP000000713','P0000000897','Consu006',9,9),('DP000000714','P0000000898','Consu007',1,9),('DP000000715','P0000000901','Consu001',1,9),('DP000000716','P0000000902','Consu002',10,9),('DP000000717','P0000000903','Consu003',3,9),('DP000000718','P0000000904','Consu004',7,9),('DP000000719','P0000000905','Consu005',5,9),('DP000000720','P0000000906','Consu006',2,9),('DP000000721','P0000000907','Consu007',3,9),('DP000000722','P0000000910','Consu001',1,9),('DP000000723','P0000000911','Consu002',5,9),('DP000000724','P0000000912','Consu003',3,9),('DP000000725','P0000000913','Consu004',6,9),('DP000000726','P0000000914','Consu005',3,9),('DP000000727','P0000000915','Consu006',1,9),('DP000000728','P0000000916','Consu007',10,9),('DP000000729','P0000000919','Consu001',10,9),('DP000000730','P0000000920','Consu002',4,9),('DP000000731','P0000000921','Consu003',2,9),('DP000000732','P0000000922','Consu004',4,9),('DP000000733','P0000000923','Consu005',8,9),('DP000000734','P0000000924','Consu006',7,9),('DP000000735','P0000000925','Consu007',8,9),('DP000000736','P0000000928','Consu001',1,9),('DP000000737','P0000000929','Consu002',5,9),('DP000000738','P0000000930','Consu003',8,9),('DP000000739','P0000000931','Consu004',6,9),('DP000000740','P0000000932','Consu005',4,9),('DP000000741','P0000000933','Consu006',8,9),('DP000000742','P0000000934','Consu007',5,9),('DP000000743','P0000000937','Consu001',5,9),('DP000000744','P0000000938','Consu002',6,9),('DP000000745','P0000000939','Consu003',9,9),('DP000000746','P0000000940','Consu004',10,9),('DP000000747','P0000000941','Consu005',6,9),('DP000000748','P0000000942','Consu006',7,9),('DP000000749','P0000000943','Consu007',2,9),('DP000000750','P0000000946','Consu001',10,9),('DP000000751','P0000000947','Consu002',10,9),('DP000000752','P0000000948','Consu003',4,9),('DP000000753','P0000000949','Consu004',3,9),('DP000000754','P0000000950','Consu005',1,9),('DP000000755','P0000000951','Consu006',3,9),('DP000000756','P0000000952','Consu007',1,9),('DP000000757','P0000000955','Consu001',5,9),('DP000000758','P0000000956','Consu002',10,9),('DP000000759','P0000000957','Consu003',9,9),('DP000000760','P0000000958','Consu004',9,9),('DP000000761','P0000000959','Consu005',6,9),('DP000000762','P0000000960','Consu006',7,9),('DP000000763','P0000000961','Consu007',1,9),('DP000000764','P0000000964','Consu001',3,9),('DP000000765','P0000000965','Consu002',7,9),('DP000000766','P0000000966','Consu003',1,9),('DP000000767','P0000000967','Consu004',8,9),('DP000000768','P0000000968','Consu005',7,9),('DP000000769','P0000000969','Consu006',8,9),('DP000000770','P0000000970','Consu007',10,9),('DP000000771','P0000000973','Consu001',2,9),('DP000000772','P0000000974','Consu002',8,9),('DP000000773','P0000000975','Consu003',2,9),('DP000000774','P0000000976','Consu004',7,9),('DP000000775','P0000000977','Consu005',6,9),('DP000000776','P0000000978','Consu006',10,9),('DP000000777','P0000000979','Consu007',9,9),('DP000000778','P0000000982','Consu001',4,9),('DP000000779','P0000000983','Consu002',2,9),('DP000000780','P0000000984','Consu003',10,9),('DP000000781','P0000000985','Consu004',3,9),('DP000000782','P0000000986','Consu005',4,9),('DP000000783','P0000000987','Consu006',1,9),('DP000000784','P0000000988','Consu007',2,9),('DP000000785','P0000000991','Consu001',7,9),('DP000000786','P0000000992','Consu002',1,9),('DP000000787','P0000000993','Consu003',5,9),('DP000000788','P0000000994','Consu004',4,9),('DP000000789','P0000000995','Consu005',5,9),('DP000000790','P0000000996','Consu006',8,9),('DP000000791','P0000000997','Consu007',8,9),('DP000000792','P0000001000','Consu001',10,9),('DP000000793','P0000000008','Consu005',3,9),('DP000000794','P0000000009','Consu004',2,9),('DP000000795','P0000001002','Consu003',4,9),('DP000000796','P0000001002','Consu003',2,9),('DP000000797','P0000000007','Consu001',3,9),('DP000000798','P0000000001','Consu002',4,9),('DP000000799','P0000001007','Consu001',1,9),('DP000000800','P0000001007','Consu003',3,9),('DP000000801','P0000001008','Consu001',2,9),('DP000000802','P0000001008','Consu003',1,9);
/*!40000 ALTER TABLE `DetallePedido` ENABLE KEYS */;
UNLOCK TABLES;
/*!50003 SET @saved_cs_client      = @@character_set_client */ ;
/*!50003 SET @saved_cs_results     = @@character_set_results */ ;
/*!50003 SET @saved_col_connection = @@collation_connection */ ;
/*!50003 SET character_set_client  = utf8mb4 */ ;
/*!50003 SET character_set_results = utf8mb4 */ ;
/*!50003 SET collation_connection  = utf8mb4_0900_ai_ci */ ;
/*!50003 SET @saved_sql_mode       = @@sql_mode */ ;
/*!50003 SET sql_mode              = 'NO_ENGINE_SUBSTITUTION' */ ;
DELIMITER ;;
/*!50003 CREATE*/ /*!50017 DEFINER=`daisl07_dsiproyecto03`@`%`*/ /*!50003 TRIGGER `actualizar_precio_trigger` BEFORE INSERT ON `DetallePedido` FOR EACH ROW BEGIN
    DECLARE v_precio DECIMAL;
    SELECT PrecioUnitario INTO v_precio FROM Consumible WHERE IdConsumible = NEW.IdConsumible;
    SET NEW.PrecioUnitario = v_precio;
END */;;
DELIMITER ;
/*!50003 SET sql_mode              = @saved_sql_mode */ ;
/*!50003 SET character_set_client  = @saved_cs_client */ ;
/*!50003 SET character_set_results = @saved_cs_results */ ;
/*!50003 SET collation_connection  = @saved_col_connection */ ;
/*!50003 SET @saved_cs_client      = @@character_set_client */ ;
/*!50003 SET @saved_cs_results     = @@character_set_results */ ;
/*!50003 SET @saved_col_connection = @@collation_connection */ ;
/*!50003 SET character_set_client  = utf8mb4 */ ;
/*!50003 SET character_set_results = utf8mb4 */ ;
/*!50003 SET collation_connection  = utf8mb4_0900_ai_ci */ ;
/*!50003 SET @saved_sql_mode       = @@sql_mode */ ;
/*!50003 SET sql_mode              = 'NO_ENGINE_SUBSTITUTION' */ ;
DELIMITER ;;
/*!50003 CREATE*/ /*!50017 DEFINER=`daisl07_dsiproyecto03`@`%`*/ /*!50003 TRIGGER `generar_IdDetallePedido` BEFORE INSERT ON `DetallePedido` FOR EACH ROW BEGIN
    DECLARE maxId VARCHAR(11);
    SET maxId = (SELECT MAX(CAST(SUBSTRING(IdDetallePedido, 3) AS UNSIGNED)) FROM DetallePedido);
    
    IF maxId IS NULL THEN
        SET NEW.IdDetallePedido = 'DP000000001';
    ELSE
        SET NEW.IdDetallePedido = CONCAT('DP', LPAD(maxId + 1, 9, '0'));
    END IF;
END */;;
DELIMITER ;
/*!50003 SET sql_mode              = @saved_sql_mode */ ;
/*!50003 SET character_set_client  = @saved_cs_client */ ;
/*!50003 SET character_set_results = @saved_cs_results */ ;
/*!50003 SET collation_connection  = @saved_col_connection */ ;
/*!50003 SET @saved_cs_client      = @@character_set_client */ ;
/*!50003 SET @saved_cs_results     = @@character_set_results */ ;
/*!50003 SET @saved_col_connection = @@collation_connection */ ;
/*!50003 SET character_set_client  = utf8mb4 */ ;
/*!50003 SET character_set_results = utf8mb4 */ ;
/*!50003 SET collation_connection  = utf8mb4_0900_ai_ci */ ;
/*!50003 SET @saved_sql_mode       = @@sql_mode */ ;
/*!50003 SET sql_mode              = 'NO_ENGINE_SUBSTITUTION' */ ;
DELIMITER ;;
/*!50003 CREATE*/ /*!50017 DEFINER=`daisl07_dsiproyecto03`@`%`*/ /*!50003 TRIGGER `actualizar_totalventa_trigger` AFTER INSERT ON `DetallePedido` FOR EACH ROW BEGIN
    DECLARE v_total DECIMAL;
    SELECT SUM(Cantidad * PrecioUnitario) INTO v_total FROM DetallePedido WHERE IdPedido = NEW.IdPedido;
    UPDATE Pedido SET TotalVenta = v_total WHERE IdPedido = NEW.IdPedido;
END */;;
DELIMITER ;
/*!50003 SET sql_mode              = @saved_sql_mode */ ;
/*!50003 SET character_set_client  = @saved_cs_client */ ;
/*!50003 SET character_set_results = @saved_cs_results */ ;
/*!50003 SET collation_connection  = @saved_col_connection */ ;

--
-- Table structure for table `Mesa`
--

DROP TABLE IF EXISTS `Mesa`;
/*!40101 SET @saved_cs_client     = @@character_set_client */;
/*!50503 SET character_set_client = utf8mb4 */;
CREATE TABLE `Mesa` (
  `IdMesa` varchar(11) NOT NULL,
  `Nivel` int DEFAULT NULL,
  PRIMARY KEY (`IdMesa`)
) ENGINE=InnoDB DEFAULT CHARSET=utf8mb4 COLLATE=utf8mb4_0900_ai_ci;
/*!40101 SET character_set_client = @saved_cs_client */;

--
-- Dumping data for table `Mesa`
--

LOCK TABLES `Mesa` WRITE;
/*!40000 ALTER TABLE `Mesa` DISABLE KEYS */;
INSERT INTO `Mesa` VALUES ('M0000000001',1),('M0000000002',1),('M0000000003',1),('M0000000004',1),('M0000000005',1),('M0000000006',2),('M0000000007',2),('M0000000008',2),('M0000000009',2);
/*!40000 ALTER TABLE `Mesa` ENABLE KEYS */;
UNLOCK TABLES;
/*!50003 SET @saved_cs_client      = @@character_set_client */ ;
/*!50003 SET @saved_cs_results     = @@character_set_results */ ;
/*!50003 SET @saved_col_connection = @@collation_connection */ ;
/*!50003 SET character_set_client  = utf8mb4 */ ;
/*!50003 SET character_set_results = utf8mb4 */ ;
/*!50003 SET collation_connection  = utf8mb4_0900_ai_ci */ ;
/*!50003 SET @saved_sql_mode       = @@sql_mode */ ;
/*!50003 SET sql_mode              = 'NO_ENGINE_SUBSTITUTION' */ ;
DELIMITER ;;
/*!50003 CREATE*/ /*!50017 DEFINER=`daisl07_dsiproyecto03`@`%`*/ /*!50003 TRIGGER `generar_IdMesa` BEFORE INSERT ON `Mesa` FOR EACH ROW BEGIN
    DECLARE maxId VARCHAR(11);
    SET maxId = (SELECT MAX(CAST(SUBSTRING(IdMesa, 2) AS UNSIGNED)) FROM Mesa);
    SET NEW.IdMesa = CONCAT('M', LPAD(maxId + 1, 10, '0'));
END */;;
DELIMITER ;
/*!50003 SET sql_mode              = @saved_sql_mode */ ;
/*!50003 SET character_set_client  = @saved_cs_client */ ;
/*!50003 SET character_set_results = @saved_cs_results */ ;
/*!50003 SET collation_connection  = @saved_col_connection */ ;

--
-- Table structure for table `Pedido`
--

DROP TABLE IF EXISTS `Pedido`;
/*!40101 SET @saved_cs_client     = @@character_set_client */;
/*!50503 SET character_set_client = utf8mb4 */;
CREATE TABLE `Pedido` (
  `IdPedido` varchar(11) NOT NULL,
  `IdMesa` varchar(11) DEFAULT NULL,
  `IdCliente` varchar(11) DEFAULT NULL,
  `IdUsuario` varchar(11) DEFAULT NULL,
  `Estado` varchar(11) DEFAULT NULL,
  `FechaHora` datetime DEFAULT NULL,
  `TotalVenta` decimal(10,0) DEFAULT NULL,
  PRIMARY KEY (`IdPedido`),
  KEY `IdMesa` (`IdMesa`),
  KEY `IdCliente` (`IdCliente`),
  KEY `IdUsuario` (`IdUsuario`),
  CONSTRAINT `Pedido_ibfk_1` FOREIGN KEY (`IdMesa`) REFERENCES `Mesa` (`IdMesa`) ON DELETE CASCADE,
  CONSTRAINT `Pedido_ibfk_2` FOREIGN KEY (`IdCliente`) REFERENCES `Cliente` (`IdCliente`) ON DELETE CASCADE,
  CONSTRAINT `Pedido_ibfk_3` FOREIGN KEY (`IdUsuario`) REFERENCES `Usuario` (`IdUsuario`) ON DELETE CASCADE
) ENGINE=InnoDB DEFAULT CHARSET=utf8mb4 COLLATE=utf8mb4_0900_ai_ci;
/*!40101 SET character_set_client = @saved_cs_client */;

--
-- Dumping data for table `Pedido`
--

LOCK TABLES `Pedido` WRITE;
/*!40000 ALTER TABLE `Pedido` DISABLE KEYS */;
INSERT INTO `Pedido` VALUES ('P0000000001','M0000000001','C0000000001','3','EN ESPERA','2023-06-14 15:18:29',243),('P0000000002','M0000000001','C0000000002','4','EN ESPERA','2023-06-14 15:59:25',18),('P0000000003','M0000000005','C0000000003','3','EN ESPERA','2023-06-14 15:59:32',162),('P0000000004','M0000000007','C0000000004','4','EN ESPERA','2023-06-14 15:59:39',96),('P0000000005','M0000000008','C0000000005','3','EN ESPERA','2023-06-14 16:03:06',207),('P0000000006','M0000000009','C0000000006','4','EN ESPERA','2023-06-14 16:03:39',108),('P0000000007','M0000000007','C0000000007','4','EN ESPERA','2023-06-14 16:06:30',216),('P0000000008','M0000000008','C0000000008','3','EN ESPERA','2023-06-14 16:22:41',27),('P0000000009','M0000000008','C0000000004','2','EN ESPERA','2023-06-14 16:24:47',18),('P0000000010','M0000000009','C0000000009','3','EN ESPERA','2023-06-14 16:28:41',72),('P0000000011','M0000000001','C0000000010','4','EN ESPERA','2023-06-14 16:28:41',36),('P0000000012','M0000000002','C0000000011','3','EN ESPERA','2023-06-14 16:28:41',18),('P0000000013','M0000000003','C0000000012','4','EN ESPERA','2023-06-14 16:28:42',9),('P0000000014','M0000000004','C0000000013','3','EN ESPERA','2023-06-14 16:28:42',18),('P0000000015','M0000000005','C0000000014','4','EN ESPERA','2023-06-14 16:28:42',9),('P0000000016','M0000000006','C0000000015','3','EN ESPERA','2023-06-14 16:28:42',45),('P0000000017','M0000000007','C0000000016','4','EN ESPERA','2023-06-14 16:28:42',NULL),('P0000000018','M0000000008','C0000000017','3','EN ESPERA','2023-06-14 16:28:42',NULL),('P0000000019','M0000000009','C0000000018','4','EN ESPERA','2023-06-14 16:28:43',27),('P0000000020','M0000000001','C0000000019','3','EN ESPERA','2023-06-14 16:28:43',45),('P0000000021','M0000000002','C0000000020','4','EN ESPERA','2023-06-14 16:28:43',63),('P0000000022','M0000000003','C0000000021','3','EN ESPERA','2023-06-14 16:28:43',54),('P0000000023','M0000000004','C0000000022','4','EN ESPERA','2023-06-14 16:28:43',18),('P0000000024','M0000000005','C0000000023','3','EN ESPERA','2023-06-14 16:28:43',27),('P0000000025','M0000000006','C0000000024','4','EN ESPERA','2023-06-14 16:28:44',54),('P0000000026','M0000000007','C0000000025','3','EN ESPERA','2023-06-14 16:28:44',NULL),('P0000000027','M0000000008','C0000000026','4','EN ESPERA','2023-06-14 16:28:44',NULL),('P0000000028','M0000000009','C0000000027','3','EN ESPERA','2023-06-14 16:28:44',9),('P0000000029','M0000000001','C0000000028','4','EN ESPERA','2023-06-14 16:28:44',18),('P0000000030','M0000000002','C0000000029','3','EN ESPERA','2023-06-14 16:28:45',18),('P0000000031','M0000000003','C0000000030','4','EN ESPERA','2023-06-14 16:28:45',45),('P0000000032','M0000000004','C0000000031','3','EN ESPERA','2023-06-14 16:28:45',36),('P0000000033','M0000000005','C0000000032','4','EN ESPERA','2023-06-14 16:28:45',54),('P0000000034','M0000000006','C0000000033','3','EN ESPERA','2023-06-14 16:28:45',90),('P0000000035','M0000000007','C0000000034','4','EN ESPERA','2023-06-14 16:28:46',NULL),('P0000000036','M0000000008','C0000000035','3','EN ESPERA','2023-06-14 16:28:46',NULL),('P0000000037','M0000000009','C0000000036','4','EN ESPERA','2023-06-14 16:28:46',27),('P0000000038','M0000000001','C0000000037','3','EN ESPERA','2023-06-14 16:28:46',90),('P0000000039','M0000000002','C0000000038','4','EN ESPERA','2023-06-14 16:28:46',45),('P0000000040','M0000000003','C0000000039','3','EN ESPERA','2023-06-14 16:28:46',27),('P0000000041','M0000000004','C0000000040','4','EN ESPERA','2023-06-14 16:28:47',81),('P0000000042','M0000000005','C0000000041','3','EN ESPERA','2023-06-14 16:28:47',45),('P0000000043','M0000000006','C0000000042','4','EN ESPERA','2023-06-14 16:28:47',36),('P0000000044','M0000000007','C0000000043','3','EN ESPERA','2023-06-14 16:28:47',NULL),('P0000000045','M0000000008','C0000000044','4','EN ESPERA','2023-06-14 16:28:47',NULL),('P0000000046','M0000000009','C0000000045','3','EN ESPERA','2023-06-14 16:28:48',36),('P0000000047','M0000000001','C0000000046','4','EN ESPERA','2023-06-14 16:28:48',36),('P0000000048','M0000000002','C0000000047','3','EN ESPERA','2023-06-14 16:28:48',54),('P0000000049','M0000000003','C0000000048','4','EN ESPERA','2023-06-14 16:28:48',72),('P0000000050','M0000000004','C0000000049','3','EN ESPERA','2023-06-14 16:28:48',45),('P0000000051','M0000000005','C0000000050','4','EN ESPERA','2023-06-14 16:28:49',63),('P0000000052','M0000000006','C0000000051','3','EN ESPERA','2023-06-14 16:28:49',54),('P0000000053','M0000000007','C0000000052','4','EN ESPERA','2023-06-14 16:28:49',NULL),('P0000000054','M0000000008','C0000000053','3','EN ESPERA','2023-06-14 16:28:49',NULL),('P0000000055','M0000000009','C0000000054','4','EN ESPERA','2023-06-14 16:28:49',36),('P0000000056','M0000000001','C0000000055','3','EN ESPERA','2023-06-14 16:28:49',9),('P0000000057','M0000000002','C0000000056','4','EN ESPERA','2023-06-14 16:28:49',9),('P0000000058','M0000000003','C0000000057','3','EN ESPERA','2023-06-14 16:28:50',54),('P0000000059','M0000000004','C0000000058','4','EN ESPERA','2023-06-14 16:28:50',72),('P0000000060','M0000000005','C0000000059','3','EN ESPERA','2023-06-14 16:28:50',72),('P0000000061','M0000000006','C0000000060','4','EN ESPERA','2023-06-14 16:28:50',63),('P0000000062','M0000000007','C0000000061','3','EN ESPERA','2023-06-14 16:28:50',NULL),('P0000000063','M0000000008','C0000000062','4','EN ESPERA','2023-06-14 16:28:50',NULL),('P0000000064','M0000000009','C0000000063','3','EN ESPERA','2023-06-14 16:28:51',90),('P0000000065','M0000000001','C0000000064','4','EN ESPERA','2023-06-14 16:28:51',9),('P0000000066','M0000000002','C0000000065','3','EN ESPERA','2023-06-14 16:28:51',45),('P0000000067','M0000000003','C0000000066','4','EN ESPERA','2023-06-14 16:28:51',9),('P0000000068','M0000000004','C0000000067','3','EN ESPERA','2023-06-14 16:28:51',90),('P0000000069','M0000000005','C0000000068','4','EN ESPERA','2023-06-14 16:28:51',54),('P0000000070','M0000000006','C0000000069','3','EN ESPERA','2023-06-14 16:28:52',54),('P0000000071','M0000000007','C0000000070','4','EN ESPERA','2023-06-14 16:28:52',NULL),('P0000000072','M0000000008','C0000000071','3','EN ESPERA','2023-06-14 16:28:52',NULL),('P0000000073','M0000000009','C0000000072','4','EN ESPERA','2023-06-14 16:28:52',72),('P0000000074','M0000000001','C0000000073','3','EN ESPERA','2023-06-14 16:28:53',9),('P0000000075','M0000000002','C0000000074','4','EN ESPERA','2023-06-14 16:28:53',18),('P0000000076','M0000000003','C0000000075','3','EN ESPERA','2023-06-14 16:28:53',63),('P0000000077','M0000000004','C0000000076','4','EN ESPERA','2023-06-14 16:28:53',72),('P0000000078','M0000000005','C0000000077','3','EN ESPERA','2023-06-14 16:28:53',9),('P0000000079','M0000000006','C0000000078','4','EN ESPERA','2023-06-14 16:28:54',63),('P0000000080','M0000000007','C0000000079','3','EN ESPERA','2023-06-14 16:28:54',NULL),('P0000000081','M0000000008','C0000000080','4','EN ESPERA','2023-06-14 16:28:54',NULL),('P0000000082','M0000000009','C0000000081','3','EN ESPERA','2023-06-14 16:28:54',36),('P0000000083','M0000000001','C0000000082','4','EN ESPERA','2023-06-14 16:28:54',54),('P0000000084','M0000000002','C0000000083','3','EN ESPERA','2023-06-14 16:28:54',18),('P0000000085','M0000000003','C0000000084','4','EN ESPERA','2023-06-14 16:28:55',72),('P0000000086','M0000000004','C0000000085','3','EN ESPERA','2023-06-14 16:28:55',81),('P0000000087','M0000000005','C0000000086','4','EN ESPERA','2023-06-14 16:28:55',81),('P0000000088','M0000000006','C0000000087','3','EN ESPERA','2023-06-14 16:28:55',18),('P0000000089','M0000000007','C0000000088','4','EN ESPERA','2023-06-14 16:28:55',NULL),('P0000000090','M0000000008','C0000000089','3','EN ESPERA','2023-06-14 16:28:56',NULL),('P0000000091','M0000000009','C0000000090','4','EN ESPERA','2023-06-14 16:28:56',54),('P0000000092','M0000000001','C0000000091','3','EN ESPERA','2023-06-14 16:28:56',9),('P0000000093','M0000000002','C0000000092','4','EN ESPERA','2023-06-14 16:28:56',45),('P0000000094','M0000000003','C0000000093','3','EN ESPERA','2023-06-14 16:28:56',45),('P0000000095','M0000000004','C0000000094','4','EN ESPERA','2023-06-14 16:28:57',18),('P0000000096','M0000000005','C0000000095','3','EN ESPERA','2023-06-14 16:28:57',45),('P0000000097','M0000000006','C0000000096','4','EN ESPERA','2023-06-14 16:28:57',9),('P0000000098','M0000000007','C0000000097','3','EN ESPERA','2023-06-14 16:28:58',NULL),('P0000000099','M0000000008','C0000000098','4','EN ESPERA','2023-06-14 16:28:58',NULL),('P0000000100','M0000000009','C0000000099','3','EN ESPERA','2023-06-14 16:28:58',45),('P0000000101','M0000000001','C0000000100','4','EN ESPERA','2023-06-14 16:28:58',54),('P0000000102','M0000000002','C0000000101','3','EN ESPERA','2023-06-14 16:28:59',81),('P0000000103','M0000000003','C0000000102','4','EN ESPERA','2023-06-14 16:28:59',63),('P0000000104','M0000000004','C0000000103','3','EN ESPERA','2023-06-14 16:28:59',18),('P0000000105','M0000000005','C0000000104','4','EN ESPERA','2023-06-14 16:28:59',63),('P0000000106','M0000000006','C0000000105','3','EN ESPERA','2023-06-14 16:28:59',9),('P0000000107','M0000000007','C0000000106','4','EN ESPERA','2023-06-14 16:28:59',NULL),('P0000000108','M0000000008','C0000000107','3','EN ESPERA','2023-06-14 16:29:00',NULL),('P0000000109','M0000000009','C0000000108','4','EN ESPERA','2023-06-14 16:29:00',90),('P0000000110','M0000000001','C0000000109','3','EN ESPERA','2023-06-14 16:29:00',18),('P0000000111','M0000000002','C0000000110','4','EN ESPERA','2023-06-14 16:29:00',54),('P0000000112','M0000000003','C0000000111','3','EN ESPERA','2023-06-14 16:29:00',27),('P0000000113','M0000000004','C0000000112','4','EN ESPERA','2023-06-14 16:29:01',9),('P0000000114','M0000000005','C0000000113','3','EN ESPERA','2023-06-14 16:29:01',9),('P0000000115','M0000000006','C0000000114','4','EN ESPERA','2023-06-14 16:29:01',18),('P0000000116','M0000000007','C0000000115','3','EN ESPERA','2023-06-14 16:29:01',NULL),('P0000000117','M0000000008','C0000000116','4','EN ESPERA','2023-06-14 16:29:02',NULL),('P0000000118','M0000000009','C0000000117','3','EN ESPERA','2023-06-14 16:29:02',18),('P0000000119','M0000000001','C0000000118','4','EN ESPERA','2023-06-14 16:29:02',90),('P0000000120','M0000000002','C0000000119','3','EN ESPERA','2023-06-14 16:29:02',63),('P0000000121','M0000000003','C0000000120','4','EN ESPERA','2023-06-14 16:29:02',81),('P0000000122','M0000000004','C0000000121','3','EN ESPERA','2023-06-14 16:29:02',54),('P0000000123','M0000000005','C0000000122','4','EN ESPERA','2023-06-14 16:29:03',90),('P0000000124','M0000000006','C0000000123','3','EN ESPERA','2023-06-14 16:29:03',9),('P0000000125','M0000000007','C0000000124','4','EN ESPERA','2023-06-14 16:29:03',NULL),('P0000000126','M0000000008','C0000000125','3','EN ESPERA','2023-06-14 16:29:03',NULL),('P0000000127','M0000000009','C0000000126','4','EN ESPERA','2023-06-14 16:29:03',36),('P0000000128','M0000000001','C0000000127','3','EN ESPERA','2023-06-14 16:29:03',45),('P0000000129','M0000000002','C0000000128','4','EN ESPERA','2023-06-14 16:29:04',81),('P0000000130','M0000000003','C0000000129','3','EN ESPERA','2023-06-14 16:29:04',27),('P0000000131','M0000000004','C0000000130','4','EN ESPERA','2023-06-14 16:29:04',45),('P0000000132','M0000000005','C0000000131','3','EN ESPERA','2023-06-14 16:29:04',90),('P0000000133','M0000000006','C0000000132','4','EN ESPERA','2023-06-14 16:29:04',63),('P0000000134','M0000000007','C0000000133','3','EN ESPERA','2023-06-14 16:29:05',NULL),('P0000000135','M0000000008','C0000000134','4','EN ESPERA','2023-06-14 16:29:05',NULL),('P0000000136','M0000000009','C0000000135','3','EN ESPERA','2023-06-14 16:29:05',63),('P0000000137','M0000000001','C0000000136','4','EN ESPERA','2023-06-14 16:29:05',72),('P0000000138','M0000000002','C0000000137','3','EN ESPERA','2023-06-14 16:29:06',45),('P0000000139','M0000000003','C0000000138','4','EN ESPERA','2023-06-14 16:29:06',63),('P0000000140','M0000000004','C0000000139','3','EN ESPERA','2023-06-14 16:29:06',9),('P0000000141','M0000000005','C0000000140','4','EN ESPERA','2023-06-14 16:29:06',90),('P0000000142','M0000000006','C0000000141','3','EN ESPERA','2023-06-14 16:29:06',72),('P0000000143','M0000000007','C0000000142','4','EN ESPERA','2023-06-14 16:29:07',NULL),('P0000000144','M0000000008','C0000000143','3','EN ESPERA','2023-06-14 16:29:07',NULL),('P0000000145','M0000000009','C0000000144','4','EN ESPERA','2023-06-14 16:29:07',9),('P0000000146','M0000000001','C0000000145','3','EN ESPERA','2023-06-14 16:29:07',18),('P0000000147','M0000000002','C0000000146','4','EN ESPERA','2023-06-14 16:29:07',90),('P0000000148','M0000000003','C0000000147','3','EN ESPERA','2023-06-14 16:29:07',63),('P0000000149','M0000000004','C0000000148','4','EN ESPERA','2023-06-14 16:29:08',72),('P0000000150','M0000000005','C0000000149','3','EN ESPERA','2023-06-14 16:29:08',81),('P0000000151','M0000000006','C0000000150','4','EN ESPERA','2023-06-14 16:29:08',54),('P0000000152','M0000000007','C0000000151','3','EN ESPERA','2023-06-14 16:29:08',NULL),('P0000000153','M0000000008','C0000000152','4','EN ESPERA','2023-06-14 16:29:08',NULL),('P0000000154','M0000000009','C0000000153','3','EN ESPERA','2023-06-14 16:29:09',9),('P0000000155','M0000000001','C0000000154','4','EN ESPERA','2023-06-14 16:29:09',81),('P0000000156','M0000000002','C0000000155','3','EN ESPERA','2023-06-14 16:29:09',81),('P0000000157','M0000000003','C0000000156','4','EN ESPERA','2023-06-14 16:29:09',36),('P0000000158','M0000000004','C0000000157','3','EN ESPERA','2023-06-14 16:29:10',27),('P0000000159','M0000000005','C0000000158','4','EN ESPERA','2023-06-14 16:29:10',63),('P0000000160','M0000000006','C0000000159','3','EN ESPERA','2023-06-14 16:29:10',90),('P0000000161','M0000000007','C0000000160','4','EN ESPERA','2023-06-14 16:29:10',NULL),('P0000000162','M0000000008','C0000000161','3','EN ESPERA','2023-06-14 16:29:10',NULL),('P0000000163','M0000000009','C0000000162','4','EN ESPERA','2023-06-14 16:29:11',54),('P0000000164','M0000000001','C0000000163','3','EN ESPERA','2023-06-14 16:29:11',36),('P0000000165','M0000000002','C0000000164','4','EN ESPERA','2023-06-14 16:29:11',36),('P0000000166','M0000000003','C0000000165','3','EN ESPERA','2023-06-14 16:29:11',45),('P0000000167','M0000000004','C0000000166','4','EN ESPERA','2023-06-14 16:29:12',90),('P0000000168','M0000000005','C0000000167','3','EN ESPERA','2023-06-14 16:29:12',63),('P0000000169','M0000000006','C0000000168','4','EN ESPERA','2023-06-14 16:29:12',36),('P0000000170','M0000000007','C0000000169','3','EN ESPERA','2023-06-14 16:29:12',NULL),('P0000000171','M0000000008','C0000000170','4','EN ESPERA','2023-06-14 16:29:12',NULL),('P0000000172','M0000000009','C0000000171','3','EN ESPERA','2023-06-14 16:29:13',45),('P0000000173','M0000000001','C0000000172','4','EN ESPERA','2023-06-14 16:29:13',90),('P0000000174','M0000000002','C0000000173','3','EN ESPERA','2023-06-14 16:29:13',90),('P0000000175','M0000000003','C0000000174','4','EN ESPERA','2023-06-14 16:29:13',36),('P0000000176','M0000000004','C0000000175','3','EN ESPERA','2023-06-14 16:29:13',27),('P0000000177','M0000000005','C0000000176','4','EN ESPERA','2023-06-14 16:29:14',63),('P0000000178','M0000000006','C0000000177','3','EN ESPERA','2023-06-14 16:29:14',90),('P0000000179','M0000000007','C0000000178','4','EN ESPERA','2023-06-14 16:29:14',NULL),('P0000000180','M0000000008','C0000000179','3','EN ESPERA','2023-06-14 16:29:14',NULL),('P0000000181','M0000000009','C0000000180','4','EN ESPERA','2023-06-14 16:29:14',63),('P0000000182','M0000000001','C0000000181','3','EN ESPERA','2023-06-14 16:29:15',72),('P0000000183','M0000000002','C0000000182','4','EN ESPERA','2023-06-14 16:29:15',27),('P0000000184','M0000000003','C0000000183','3','EN ESPERA','2023-06-14 16:29:15',54),('P0000000185','M0000000004','C0000000184','4','EN ESPERA','2023-06-14 16:29:15',81),('P0000000186','M0000000005','C0000000185','3','EN ESPERA','2023-06-14 16:29:15',90),('P0000000187','M0000000006','C0000000186','4','EN ESPERA','2023-06-14 16:29:15',27),('P0000000188','M0000000007','C0000000187','3','EN ESPERA','2023-06-14 16:29:16',NULL),('P0000000189','M0000000008','C0000000188','4','EN ESPERA','2023-06-14 16:29:16',NULL),('P0000000190','M0000000009','C0000000189','3','EN ESPERA','2023-06-14 16:29:16',18),('P0000000191','M0000000001','C0000000190','4','EN ESPERA','2023-06-14 16:29:16',90),('P0000000192','M0000000002','C0000000191','3','EN ESPERA','2023-06-14 16:29:16',81),('P0000000193','M0000000003','C0000000192','4','EN ESPERA','2023-06-14 16:29:16',54),('P0000000194','M0000000004','C0000000193','3','EN ESPERA','2023-06-14 16:29:16',81),('P0000000195','M0000000005','C0000000194','4','EN ESPERA','2023-06-14 16:29:17',45),('P0000000196','M0000000006','C0000000195','3','EN ESPERA','2023-06-14 16:29:17',27),('P0000000197','M0000000007','C0000000196','4','EN ESPERA','2023-06-14 16:29:17',NULL),('P0000000198','M0000000008','C0000000197','3','EN ESPERA','2023-06-14 16:29:17',NULL),('P0000000199','M0000000009','C0000000198','4','EN ESPERA','2023-06-14 16:29:17',27),('P0000000200','M0000000001','C0000000199','3','EN ESPERA','2023-06-14 16:29:17',90),('P0000000201','M0000000002','C0000000200','4','EN ESPERA','2023-06-14 16:29:17',63),('P0000000202','M0000000003','C0000000201','3','EN ESPERA','2023-06-14 16:29:18',54),('P0000000203','M0000000004','C0000000202','4','EN ESPERA','2023-06-14 16:29:18',9),('P0000000204','M0000000005','C0000000203','3','EN ESPERA','2023-06-14 16:29:18',27),('P0000000205','M0000000006','C0000000204','4','EN ESPERA','2023-06-14 16:29:18',27),('P0000000206','M0000000007','C0000000205','3','EN ESPERA','2023-06-14 16:29:18',NULL),('P0000000207','M0000000008','C0000000206','4','EN ESPERA','2023-06-14 16:29:18',NULL),('P0000000208','M0000000009','C0000000207','3','EN ESPERA','2023-06-14 16:29:19',45),('P0000000209','M0000000001','C0000000208','4','EN ESPERA','2023-06-14 16:29:19',9),('P0000000210','M0000000002','C0000000209','3','EN ESPERA','2023-06-14 16:29:19',9),('P0000000211','M0000000003','C0000000210','4','EN ESPERA','2023-06-14 16:29:19',18),('P0000000212','M0000000004','C0000000211','3','EN ESPERA','2023-06-14 16:29:19',54),('P0000000213','M0000000005','C0000000212','4','EN ESPERA','2023-06-14 16:29:20',36),('P0000000214','M0000000006','C0000000213','3','EN ESPERA','2023-06-14 16:29:20',72),('P0000000215','M0000000007','C0000000214','4','EN ESPERA','2023-06-14 16:29:20',NULL),('P0000000216','M0000000008','C0000000215','3','EN ESPERA','2023-06-14 16:29:20',NULL),('P0000000217','M0000000009','C0000000216','4','EN ESPERA','2023-06-14 16:29:20',27),('P0000000218','M0000000001','C0000000217','3','EN ESPERA','2023-06-14 16:29:21',81),('P0000000219','M0000000002','C0000000218','4','EN ESPERA','2023-06-14 16:29:21',63),('P0000000220','M0000000003','C0000000219','3','EN ESPERA','2023-06-14 16:29:21',81),('P0000000221','M0000000004','C0000000220','4','EN ESPERA','2023-06-14 16:29:21',45),('P0000000222','M0000000005','C0000000221','3','EN ESPERA','2023-06-14 16:29:21',18),('P0000000223','M0000000006','C0000000222','4','EN ESPERA','2023-06-14 16:29:21',36),('P0000000224','M0000000007','C0000000223','3','EN ESPERA','2023-06-14 16:29:22',NULL),('P0000000225','M0000000008','C0000000224','4','EN ESPERA','2023-06-14 16:29:22',NULL),('P0000000226','M0000000009','C0000000225','3','EN ESPERA','2023-06-14 16:29:22',27),('P0000000227','M0000000001','C0000000226','4','EN ESPERA','2023-06-14 16:29:22',45),('P0000000228','M0000000002','C0000000227','3','EN ESPERA','2023-06-14 16:29:22',90),('P0000000229','M0000000003','C0000000228','4','EN ESPERA','2023-06-14 16:29:23',72),('P0000000230','M0000000004','C0000000229','3','EN ESPERA','2023-06-14 16:29:23',54),('P0000000231','M0000000005','C0000000230','4','EN ESPERA','2023-06-14 16:29:23',72),('P0000000232','M0000000006','C0000000231','3','EN ESPERA','2023-06-14 16:29:23',45),('P0000000233','M0000000007','C0000000232','4','EN ESPERA','2023-06-14 16:29:23',NULL),('P0000000234','M0000000008','C0000000233','3','EN ESPERA','2023-06-14 16:29:24',NULL),('P0000000235','M0000000009','C0000000234','4','EN ESPERA','2023-06-14 16:29:24',63),('P0000000236','M0000000001','C0000000235','3','EN ESPERA','2023-06-14 16:29:24',18),('P0000000237','M0000000002','C0000000236','4','EN ESPERA','2023-06-14 16:29:24',9),('P0000000238','M0000000003','C0000000237','3','EN ESPERA','2023-06-14 16:29:24',9),('P0000000239','M0000000004','C0000000238','4','EN ESPERA','2023-06-14 16:29:25',90),('P0000000240','M0000000005','C0000000239','3','EN ESPERA','2023-06-14 16:29:25',36),('P0000000241','M0000000006','C0000000240','4','EN ESPERA','2023-06-14 16:29:25',27),('P0000000242','M0000000007','C0000000241','3','EN ESPERA','2023-06-14 16:29:25',NULL),('P0000000243','M0000000008','C0000000242','4','EN ESPERA','2023-06-14 16:29:26',NULL),('P0000000244','M0000000009','C0000000243','3','EN ESPERA','2023-06-14 16:29:26',81),('P0000000245','M0000000001','C0000000244','4','EN ESPERA','2023-06-14 16:29:26',18),('P0000000246','M0000000002','C0000000245','3','EN ESPERA','2023-06-14 16:29:26',27),('P0000000247','M0000000003','C0000000246','4','EN ESPERA','2023-06-14 16:29:26',18),('P0000000248','M0000000004','C0000000247','3','EN ESPERA','2023-06-14 16:29:26',90),('P0000000249','M0000000005','C0000000248','4','EN ESPERA','2023-06-14 16:29:27',36),('P0000000250','M0000000006','C0000000249','3','EN ESPERA','2023-06-14 16:29:27',27),('P0000000251','M0000000007','C0000000250','4','EN ESPERA','2023-06-14 16:29:27',NULL),('P0000000252','M0000000008','C0000000251','3','EN ESPERA','2023-06-14 16:29:27',NULL),('P0000000253','M0000000009','C0000000252','4','EN ESPERA','2023-06-14 16:29:27',72),('P0000000254','M0000000001','C0000000253','3','EN ESPERA','2023-06-14 16:29:27',63),('P0000000255','M0000000002','C0000000254','4','EN ESPERA','2023-06-14 16:29:27',27),('P0000000256','M0000000003','C0000000255','3','EN ESPERA','2023-06-14 16:29:28',54),('P0000000257','M0000000004','C0000000256','4','EN ESPERA','2023-06-14 16:29:28',27),('P0000000258','M0000000005','C0000000257','3','EN ESPERA','2023-06-14 16:29:28',45),('P0000000259','M0000000006','C0000000258','4','EN ESPERA','2023-06-14 16:29:28',63),('P0000000260','M0000000007','C0000000259','3','EN ESPERA','2023-06-14 16:29:28',NULL),('P0000000261','M0000000008','C0000000260','4','EN ESPERA','2023-06-14 16:29:28',NULL),('P0000000262','M0000000009','C0000000261','3','EN ESPERA','2023-06-14 16:29:28',63),('P0000000263','M0000000001','C0000000262','4','EN ESPERA','2023-06-14 16:29:29',36),('P0000000264','M0000000002','C0000000263','3','EN ESPERA','2023-06-14 16:29:29',9),('P0000000265','M0000000003','C0000000264','4','EN ESPERA','2023-06-14 16:29:29',90),('P0000000266','M0000000004','C0000000265','3','EN ESPERA','2023-06-14 16:29:29',9),('P0000000267','M0000000005','C0000000266','4','EN ESPERA','2023-06-14 16:29:29',90),('P0000000268','M0000000006','C0000000267','3','EN ESPERA','2023-06-14 16:29:30',54),('P0000000269','M0000000007','C0000000268','4','EN ESPERA','2023-06-14 16:29:30',NULL),('P0000000270','M0000000008','C0000000269','3','EN ESPERA','2023-06-14 16:29:30',NULL),('P0000000271','M0000000009','C0000000270','4','EN ESPERA','2023-06-14 16:29:30',45),('P0000000272','M0000000001','C0000000271','3','EN ESPERA','2023-06-14 16:29:30',27),('P0000000273','M0000000002','C0000000272','4','EN ESPERA','2023-06-14 16:29:31',18),('P0000000274','M0000000003','C0000000273','3','EN ESPERA','2023-06-14 16:29:31',9),('P0000000275','M0000000004','C0000000274','4','EN ESPERA','2023-06-14 16:29:31',36),('P0000000276','M0000000005','C0000000275','3','EN ESPERA','2023-06-14 16:29:31',18),('P0000000277','M0000000006','C0000000276','4','EN ESPERA','2023-06-14 16:29:31',81),('P0000000278','M0000000007','C0000000277','3','EN ESPERA','2023-06-14 16:29:32',NULL),('P0000000279','M0000000008','C0000000278','4','EN ESPERA','2023-06-14 16:29:32',NULL),('P0000000280','M0000000009','C0000000279','3','EN ESPERA','2023-06-14 16:29:32',90),('P0000000281','M0000000001','C0000000280','4','EN ESPERA','2023-06-14 16:29:32',45),('P0000000282','M0000000002','C0000000281','3','EN ESPERA','2023-06-14 16:29:32',81),('P0000000283','M0000000003','C0000000282','4','EN ESPERA','2023-06-14 16:29:32',54),('P0000000284','M0000000004','C0000000283','3','EN ESPERA','2023-06-14 16:29:32',72),('P0000000285','M0000000005','C0000000284','4','EN ESPERA','2023-06-14 16:29:33',54),('P0000000286','M0000000006','C0000000285','3','EN ESPERA','2023-06-14 16:29:33',9),('P0000000287','M0000000007','C0000000286','4','EN ESPERA','2023-06-14 16:29:33',NULL),('P0000000288','M0000000008','C0000000287','3','EN ESPERA','2023-06-14 16:29:33',NULL),('P0000000289','M0000000009','C0000000288','4','EN ESPERA','2023-06-14 16:29:33',63),('P0000000290','M0000000001','C0000000289','3','EN ESPERA','2023-06-14 16:29:34',36),('P0000000291','M0000000002','C0000000290','4','EN ESPERA','2023-06-14 16:29:34',63),('P0000000292','M0000000003','C0000000291','3','EN ESPERA','2023-06-14 16:29:34',81),('P0000000293','M0000000004','C0000000292','4','EN ESPERA','2023-06-14 16:29:34',18),('P0000000294','M0000000005','C0000000293','3','EN ESPERA','2023-06-14 16:29:34',90),('P0000000295','M0000000006','C0000000294','4','EN ESPERA','2023-06-14 16:29:35',63),('P0000000296','M0000000007','C0000000295','3','EN ESPERA','2023-06-14 16:29:35',NULL),('P0000000297','M0000000008','C0000000296','4','EN ESPERA','2023-06-14 16:29:35',NULL),('P0000000298','M0000000009','C0000000297','3','EN ESPERA','2023-06-14 16:29:36',9),('P0000000299','M0000000001','C0000000298','4','EN ESPERA','2023-06-14 16:29:36',9),('P0000000300','M0000000002','C0000000299','3','EN ESPERA','2023-06-14 16:29:36',36),('P0000000301','M0000000003','C0000000300','4','EN ESPERA','2023-06-14 16:29:36',63),('P0000000302','M0000000004','C0000000301','3','EN ESPERA','2023-06-14 16:29:36',54),('P0000000303','M0000000005','C0000000302','4','EN ESPERA','2023-06-14 16:29:36',45),('P0000000304','M0000000006','C0000000303','3','EN ESPERA','2023-06-14 16:29:37',81),('P0000000305','M0000000007','C0000000304','4','EN ESPERA','2023-06-14 16:29:37',NULL),('P0000000306','M0000000008','C0000000305','3','EN ESPERA','2023-06-14 16:29:37',NULL),('P0000000307','M0000000009','C0000000306','4','EN ESPERA','2023-06-14 16:29:37',9),('P0000000308','M0000000001','C0000000307','3','EN ESPERA','2023-06-14 16:29:38',27),('P0000000309','M0000000002','C0000000308','4','EN ESPERA','2023-06-14 16:29:38',45),('P0000000310','M0000000003','C0000000309','3','EN ESPERA','2023-06-14 16:29:38',90),('P0000000311','M0000000004','C0000000310','4','EN ESPERA','2023-06-14 16:29:38',27),('P0000000312','M0000000005','C0000000311','3','EN ESPERA','2023-06-14 16:29:38',54),('P0000000313','M0000000006','C0000000312','4','EN ESPERA','2023-06-14 16:29:38',81),('P0000000314','M0000000007','C0000000313','3','EN ESPERA','2023-06-14 16:29:38',NULL),('P0000000315','M0000000008','C0000000314','4','EN ESPERA','2023-06-14 16:29:39',NULL),('P0000000316','M0000000009','C0000000315','3','EN ESPERA','2023-06-14 16:29:39',63),('P0000000317','M0000000001','C0000000316','4','EN ESPERA','2023-06-14 16:29:39',36),('P0000000318','M0000000002','C0000000317','3','EN ESPERA','2023-06-14 16:29:39',72),('P0000000319','M0000000003','C0000000318','4','EN ESPERA','2023-06-14 16:29:40',81),('P0000000320','M0000000004','C0000000319','3','EN ESPERA','2023-06-14 16:29:40',90),('P0000000321','M0000000005','C0000000320','4','EN ESPERA','2023-06-14 16:29:40',90),('P0000000322','M0000000006','C0000000321','3','EN ESPERA','2023-06-14 16:29:40',36),('P0000000323','M0000000007','C0000000322','4','EN ESPERA','2023-06-14 16:29:40',NULL),('P0000000324','M0000000008','C0000000323','3','EN ESPERA','2023-06-14 16:29:41',NULL),('P0000000325','M0000000009','C0000000324','4','EN ESPERA','2023-06-14 16:29:41',36),('P0000000326','M0000000001','C0000000325','3','EN ESPERA','2023-06-14 16:29:41',36),('P0000000327','M0000000002','C0000000326','4','EN ESPERA','2023-06-14 16:29:41',18),('P0000000328','M0000000003','C0000000327','3','EN ESPERA','2023-06-14 16:29:41',54),('P0000000329','M0000000004','C0000000328','4','EN ESPERA','2023-06-14 16:29:42',63),('P0000000330','M0000000005','C0000000329','3','EN ESPERA','2023-06-14 16:29:42',90),('P0000000331','M0000000006','C0000000330','4','EN ESPERA','2023-06-14 16:29:42',18),('P0000000332','M0000000007','C0000000331','3','EN ESPERA','2023-06-14 16:29:42',NULL),('P0000000333','M0000000008','C0000000332','4','EN ESPERA','2023-06-14 16:29:42',NULL),('P0000000334','M0000000009','C0000000333','3','EN ESPERA','2023-06-14 16:29:42',18),('P0000000335','M0000000001','C0000000334','4','EN ESPERA','2023-06-14 16:29:43',45),('P0000000336','M0000000002','C0000000335','3','EN ESPERA','2023-06-14 16:29:43',72),('P0000000337','M0000000003','C0000000336','4','EN ESPERA','2023-06-14 16:29:43',72),('P0000000338','M0000000004','C0000000337','3','EN ESPERA','2023-06-14 16:29:43',36),('P0000000339','M0000000005','C0000000338','4','EN ESPERA','2023-06-14 16:29:43',81),('P0000000340','M0000000006','C0000000339','3','EN ESPERA','2023-06-14 16:29:43',63),('P0000000341','M0000000007','C0000000340','4','EN ESPERA','2023-06-14 16:29:43',NULL),('P0000000342','M0000000008','C0000000341','3','EN ESPERA','2023-06-14 16:29:44',NULL),('P0000000343','M0000000009','C0000000342','4','EN ESPERA','2023-06-14 16:29:44',63),('P0000000344','M0000000001','C0000000343','3','EN ESPERA','2023-06-14 16:29:44',27),('P0000000345','M0000000002','C0000000344','4','EN ESPERA','2023-06-14 16:29:44',36),('P0000000346','M0000000003','C0000000345','3','EN ESPERA','2023-06-14 16:29:44',18),('P0000000347','M0000000004','C0000000346','4','EN ESPERA','2023-06-14 16:29:44',36),('P0000000348','M0000000005','C0000000347','3','EN ESPERA','2023-06-14 16:29:45',72),('P0000000349','M0000000006','C0000000348','4','EN ESPERA','2023-06-14 16:29:45',63),('P0000000350','M0000000007','C0000000349','3','EN ESPERA','2023-06-14 16:29:45',NULL),('P0000000351','M0000000008','C0000000350','4','EN ESPERA','2023-06-14 16:29:45',NULL),('P0000000352','M0000000009','C0000000351','3','EN ESPERA','2023-06-14 16:29:45',27),('P0000000353','M0000000001','C0000000352','4','EN ESPERA','2023-06-14 16:29:45',36),('P0000000354','M0000000002','C0000000353','3','EN ESPERA','2023-06-14 16:29:46',18),('P0000000355','M0000000003','C0000000354','4','EN ESPERA','2023-06-14 16:29:46',18),('P0000000356','M0000000004','C0000000355','3','EN ESPERA','2023-06-14 16:29:46',90),('P0000000357','M0000000005','C0000000356','4','EN ESPERA','2023-06-14 16:29:46',72),('P0000000358','M0000000006','C0000000357','3','EN ESPERA','2023-06-14 16:29:46',81),('P0000000359','M0000000007','C0000000358','4','EN ESPERA','2023-06-14 16:29:46',NULL),('P0000000360','M0000000008','C0000000359','3','EN ESPERA','2023-06-14 16:29:46',NULL),('P0000000361','M0000000009','C0000000360','4','EN ESPERA','2023-06-14 16:29:47',9),('P0000000362','M0000000001','C0000000361','3','EN ESPERA','2023-06-14 16:29:47',36),('P0000000363','M0000000002','C0000000362','4','EN ESPERA','2023-06-14 16:29:47',54),('P0000000364','M0000000003','C0000000363','3','EN ESPERA','2023-06-14 16:29:47',54),('P0000000365','M0000000004','C0000000364','4','EN ESPERA','2023-06-14 16:29:47',45),('P0000000366','M0000000005','C0000000365','3','EN ESPERA','2023-06-14 16:29:47',54),('P0000000367','M0000000006','C0000000366','4','EN ESPERA','2023-06-14 16:29:48',18),('P0000000368','M0000000007','C0000000367','3','EN ESPERA','2023-06-14 16:29:48',NULL),('P0000000369','M0000000008','C0000000368','4','EN ESPERA','2023-06-14 16:29:48',NULL),('P0000000370','M0000000009','C0000000369','3','EN ESPERA','2023-06-14 16:29:48',18),('P0000000371','M0000000001','C0000000370','4','EN ESPERA','2023-06-14 16:29:48',72),('P0000000372','M0000000002','C0000000371','3','EN ESPERA','2023-06-14 16:29:49',90),('P0000000373','M0000000003','C0000000372','4','EN ESPERA','2023-06-14 16:29:49',27),('P0000000374','M0000000004','C0000000373','3','EN ESPERA','2023-06-14 16:29:49',36),('P0000000375','M0000000005','C0000000374','4','EN ESPERA','2023-06-14 16:29:49',72),('P0000000376','M0000000006','C0000000375','3','EN ESPERA','2023-06-14 16:29:49',9),('P0000000377','M0000000007','C0000000376','4','EN ESPERA','2023-06-14 16:29:50',NULL),('P0000000378','M0000000008','C0000000377','3','EN ESPERA','2023-06-14 16:29:50',NULL),('P0000000379','M0000000009','C0000000378','4','EN ESPERA','2023-06-14 16:29:50',72),('P0000000380','M0000000001','C0000000379','3','EN ESPERA','2023-06-14 16:29:50',9),('P0000000381','M0000000002','C0000000380','4','EN ESPERA','2023-06-14 16:29:50',45),('P0000000382','M0000000003','C0000000381','3','EN ESPERA','2023-06-14 16:29:51',90),('P0000000383','M0000000004','C0000000382','4','EN ESPERA','2023-06-14 16:29:51',18),('P0000000384','M0000000005','C0000000383','3','EN ESPERA','2023-06-14 16:29:51',18),('P0000000385','M0000000006','C0000000384','4','EN ESPERA','2023-06-14 16:29:51',72),('P0000000386','M0000000007','C0000000385','3','EN ESPERA','2023-06-14 16:29:51',NULL),('P0000000387','M0000000008','C0000000386','4','EN ESPERA','2023-06-14 16:29:52',NULL),('P0000000388','M0000000009','C0000000387','3','EN ESPERA','2023-06-14 16:29:52',72),('P0000000389','M0000000001','C0000000388','4','EN ESPERA','2023-06-14 16:29:52',72),('P0000000390','M0000000002','C0000000389','3','EN ESPERA','2023-06-14 16:29:53',9),('P0000000391','M0000000003','C0000000390','4','EN ESPERA','2023-06-14 16:29:53',54),('P0000000392','M0000000004','C0000000391','3','EN ESPERA','2023-06-14 16:29:53',36),('P0000000393','M0000000005','C0000000392','4','EN ESPERA','2023-06-14 16:29:53',54),('P0000000394','M0000000006','C0000000393','3','EN ESPERA','2023-06-14 16:29:53',72),('P0000000395','M0000000007','C0000000394','4','EN ESPERA','2023-06-14 16:29:54',NULL),('P0000000396','M0000000008','C0000000395','3','EN ESPERA','2023-06-14 16:29:54',NULL),('P0000000397','M0000000009','C0000000396','4','EN ESPERA','2023-06-14 16:29:55',72),('P0000000398','M0000000001','C0000000397','3','EN ESPERA','2023-06-14 16:29:55',9),('P0000000399','M0000000002','C0000000398','4','EN ESPERA','2023-06-14 16:29:55',81),('P0000000400','M0000000003','C0000000399','3','EN ESPERA','2023-06-14 16:29:56',63),('P0000000401','M0000000004','C0000000400','4','EN ESPERA','2023-06-14 16:29:56',90),('P0000000402','M0000000005','C0000000401','3','EN ESPERA','2023-06-14 16:29:56',72),('P0000000403','M0000000006','C0000000402','4','EN ESPERA','2023-06-14 16:29:56',27),('P0000000404','M0000000007','C0000000403','3','EN ESPERA','2023-06-14 16:29:57',NULL),('P0000000405','M0000000008','C0000000404','4','EN ESPERA','2023-06-14 16:29:57',NULL),('P0000000406','M0000000009','C0000000405','3','EN ESPERA','2023-06-14 16:29:57',63),('P0000000407','M0000000001','C0000000406','4','EN ESPERA','2023-06-14 16:29:57',18),('P0000000408','M0000000002','C0000000407','3','EN ESPERA','2023-06-14 16:29:57',27),('P0000000409','M0000000003','C0000000408','4','EN ESPERA','2023-06-14 16:29:57',36),('P0000000410','M0000000004','C0000000409','3','EN ESPERA','2023-06-14 16:29:58',36),('P0000000411','M0000000005','C0000000410','4','EN ESPERA','2023-06-14 16:29:58',9),('P0000000412','M0000000006','C0000000411','3','EN ESPERA','2023-06-14 16:29:58',9),('P0000000413','M0000000007','C0000000412','4','EN ESPERA','2023-06-14 16:29:58',NULL),('P0000000414','M0000000008','C0000000413','3','EN ESPERA','2023-06-14 16:29:58',NULL),('P0000000415','M0000000009','C0000000414','4','EN ESPERA','2023-06-14 16:29:58',81),('P0000000416','M0000000001','C0000000415','3','EN ESPERA','2023-06-14 16:29:58',45),('P0000000417','M0000000002','C0000000416','4','EN ESPERA','2023-06-14 16:29:59',27),('P0000000418','M0000000003','C0000000417','3','EN ESPERA','2023-06-14 16:29:59',27),('P0000000419','M0000000004','C0000000418','4','EN ESPERA','2023-06-14 16:29:59',54),('P0000000420','M0000000005','C0000000419','3','EN ESPERA','2023-06-14 16:29:59',18),('P0000000421','M0000000006','C0000000420','4','EN ESPERA','2023-06-14 16:29:59',90),('P0000000422','M0000000007','C0000000421','3','EN ESPERA','2023-06-14 16:30:00',NULL),('P0000000423','M0000000008','C0000000422','4','EN ESPERA','2023-06-14 16:30:00',NULL),('P0000000424','M0000000009','C0000000423','3','EN ESPERA','2023-06-14 16:30:00',63),('P0000000425','M0000000001','C0000000424','4','EN ESPERA','2023-06-14 16:30:00',63),('P0000000426','M0000000002','C0000000425','3','EN ESPERA','2023-06-14 16:30:00',54),('P0000000427','M0000000003','C0000000426','4','EN ESPERA','2023-06-14 16:30:00',27),('P0000000428','M0000000004','C0000000427','3','EN ESPERA','2023-06-14 16:30:01',90),('P0000000429','M0000000005','C0000000428','4','EN ESPERA','2023-06-14 16:30:01',9),('P0000000430','M0000000006','C0000000429','3','EN ESPERA','2023-06-14 16:30:01',18),('P0000000431','M0000000007','C0000000430','4','EN ESPERA','2023-06-14 16:30:01',NULL),('P0000000432','M0000000008','C0000000431','3','EN ESPERA','2023-06-14 16:30:01',NULL),('P0000000433','M0000000009','C0000000432','4','EN ESPERA','2023-06-14 16:30:01',18),('P0000000434','M0000000001','C0000000433','3','EN ESPERA','2023-06-14 16:30:02',27),('P0000000435','M0000000002','C0000000434','4','EN ESPERA','2023-06-14 16:30:02',54),('P0000000436','M0000000003','C0000000435','3','EN ESPERA','2023-06-14 16:30:02',90),('P0000000437','M0000000004','C0000000436','4','EN ESPERA','2023-06-14 16:30:02',63),('P0000000438','M0000000005','C0000000437','3','EN ESPERA','2023-06-14 16:30:02',18),('P0000000439','M0000000006','C0000000438','4','EN ESPERA','2023-06-14 16:30:02',45),('P0000000440','M0000000007','C0000000439','3','EN ESPERA','2023-06-14 16:30:02',NULL),('P0000000441','M0000000008','C0000000440','4','EN ESPERA','2023-06-14 16:30:03',NULL),('P0000000442','M0000000009','C0000000441','3','EN ESPERA','2023-06-14 16:30:03',36),('P0000000443','M0000000001','C0000000442','4','EN ESPERA','2023-06-14 16:30:03',72),('P0000000444','M0000000002','C0000000443','3','EN ESPERA','2023-06-14 16:30:03',72),('P0000000445','M0000000003','C0000000444','4','EN ESPERA','2023-06-14 16:30:03',27),('P0000000446','M0000000004','C0000000445','3','EN ESPERA','2023-06-14 16:30:03',90),('P0000000447','M0000000005','C0000000446','4','EN ESPERA','2023-06-14 16:30:04',18),('P0000000448','M0000000006','C0000000447','3','EN ESPERA','2023-06-14 16:30:04',63),('P0000000449','M0000000007','C0000000448','4','EN ESPERA','2023-06-14 16:30:04',NULL),('P0000000450','M0000000008','C0000000449','3','EN ESPERA','2023-06-14 16:30:04',NULL),('P0000000451','M0000000009','C0000000450','4','EN ESPERA','2023-06-14 16:30:04',54),('P0000000452','M0000000001','C0000000451','3','EN ESPERA','2023-06-14 16:30:04',54),('P0000000453','M0000000002','C0000000452','4','EN ESPERA','2023-06-14 16:30:05',72),('P0000000454','M0000000003','C0000000453','3','EN ESPERA','2023-06-14 16:30:05',45),('P0000000455','M0000000004','C0000000454','4','EN ESPERA','2023-06-14 16:30:05',27),('P0000000456','M0000000005','C0000000455','3','EN ESPERA','2023-06-14 16:30:05',9),('P0000000457','M0000000006','C0000000456','4','EN ESPERA','2023-06-14 16:30:05',54),('P0000000458','M0000000007','C0000000457','3','EN ESPERA','2023-06-14 16:30:06',NULL),('P0000000459','M0000000008','C0000000458','4','EN ESPERA','2023-06-14 16:30:06',NULL),('P0000000460','M0000000009','C0000000459','3','EN ESPERA','2023-06-14 16:30:06',72),('P0000000461','M0000000001','C0000000460','4','EN ESPERA','2023-06-14 16:30:06',36),('P0000000462','M0000000002','C0000000461','3','EN ESPERA','2023-06-14 16:30:06',45),('P0000000463','M0000000003','C0000000462','4','EN ESPERA','2023-06-14 16:30:06',45),('P0000000464','M0000000004','C0000000463','3','EN ESPERA','2023-06-14 16:30:07',18),('P0000000465','M0000000005','C0000000464','4','EN ESPERA','2023-06-14 16:30:07',27),('P0000000466','M0000000006','C0000000465','3','EN ESPERA','2023-06-14 16:30:07',54),('P0000000467','M0000000007','C0000000466','4','EN ESPERA','2023-06-14 16:30:07',NULL),('P0000000468','M0000000008','C0000000467','3','EN ESPERA','2023-06-14 16:30:07',NULL),('P0000000469','M0000000009','C0000000468','4','EN ESPERA','2023-06-14 16:30:08',9),('P0000000470','M0000000001','C0000000469','3','EN ESPERA','2023-06-14 16:30:08',36),('P0000000471','M0000000002','C0000000470','4','EN ESPERA','2023-06-14 16:30:08',36),('P0000000472','M0000000003','C0000000471','3','EN ESPERA','2023-06-14 16:30:08',27),('P0000000473','M0000000004','C0000000472','4','EN ESPERA','2023-06-14 16:30:08',54),('P0000000474','M0000000005','C0000000473','3','EN ESPERA','2023-06-14 16:30:08',18),('P0000000475','M0000000006','C0000000474','4','EN ESPERA','2023-06-14 16:30:09',18),('P0000000476','M0000000007','C0000000475','3','EN ESPERA','2023-06-14 16:30:09',NULL),('P0000000477','M0000000008','C0000000476','4','EN ESPERA','2023-06-14 16:30:09',NULL),('P0000000478','M0000000009','C0000000477','3','EN ESPERA','2023-06-14 16:30:10',81),('P0000000479','M0000000001','C0000000478','4','EN ESPERA','2023-06-14 16:30:10',63),('P0000000480','M0000000002','C0000000479','3','EN ESPERA','2023-06-14 16:30:10',54),('P0000000481','M0000000003','C0000000480','4','EN ESPERA','2023-06-14 16:30:10',81),('P0000000482','M0000000004','C0000000481','3','EN ESPERA','2023-06-14 16:30:10',63),('P0000000483','M0000000005','C0000000482','4','EN ESPERA','2023-06-14 16:30:11',63),('P0000000484','M0000000006','C0000000483','3','EN ESPERA','2023-06-14 16:30:11',72),('P0000000485','M0000000007','C0000000484','4','EN ESPERA','2023-06-14 16:30:11',NULL),('P0000000486','M0000000008','C0000000485','3','EN ESPERA','2023-06-14 16:30:11',NULL),('P0000000487','M0000000009','C0000000486','4','EN ESPERA','2023-06-14 16:30:11',72),('P0000000488','M0000000001','C0000000487','3','EN ESPERA','2023-06-14 16:30:12',63),('P0000000489','M0000000002','C0000000488','4','EN ESPERA','2023-06-14 16:30:12',63),('P0000000490','M0000000003','C0000000489','3','EN ESPERA','2023-06-14 16:30:12',45),('P0000000491','M0000000004','C0000000490','4','EN ESPERA','2023-06-14 16:30:12',45),('P0000000492','M0000000005','C0000000491','3','EN ESPERA','2023-06-14 16:30:12',18),('P0000000493','M0000000006','C0000000492','4','EN ESPERA','2023-06-14 16:30:12',81),('P0000000494','M0000000007','C0000000493','3','EN ESPERA','2023-06-14 16:30:13',NULL),('P0000000495','M0000000008','C0000000494','4','EN ESPERA','2023-06-14 16:30:13',NULL),('P0000000496','M0000000009','C0000000495','3','EN ESPERA','2023-06-14 16:30:13',72),('P0000000497','M0000000001','C0000000496','4','EN ESPERA','2023-06-14 16:30:13',45),('P0000000498','M0000000002','C0000000497','3','EN ESPERA','2023-06-14 16:30:13',36),('P0000000499','M0000000003','C0000000498','4','EN ESPERA','2023-06-14 16:30:13',18),('P0000000500','M0000000004','C0000000499','3','EN ESPERA','2023-06-14 16:30:14',27),('P0000000501','M0000000005','C0000000500','4','EN ESPERA','2023-06-14 16:30:14',36),('P0000000502','M0000000006','C0000000501','3','EN ESPERA','2023-06-14 16:30:14',72),('P0000000503','M0000000007','C0000000502','4','EN ESPERA','2023-06-14 16:30:15',NULL),('P0000000504','M0000000008','C0000000503','3','EN ESPERA','2023-06-14 16:30:15',NULL),('P0000000505','M0000000009','C0000000504','4','EN ESPERA','2023-06-14 16:30:15',27),('P0000000506','M0000000001','C0000000505','3','EN ESPERA','2023-06-14 16:30:15',9),('P0000000507','M0000000002','C0000000506','4','EN ESPERA','2023-06-14 16:30:15',63),('P0000000508','M0000000003','C0000000507','3','EN ESPERA','2023-06-14 16:30:16',27),('P0000000509','M0000000004','C0000000508','4','EN ESPERA','2023-06-14 16:30:16',36),('P0000000510','M0000000005','C0000000509','3','EN ESPERA','2023-06-14 16:30:16',81),('P0000000511','M0000000006','C0000000510','4','EN ESPERA','2023-06-14 16:30:16',36),('P0000000512','M0000000007','C0000000511','3','EN ESPERA','2023-06-14 16:30:16',NULL),('P0000000513','M0000000008','C0000000512','4','EN ESPERA','2023-06-14 16:30:16',NULL),('P0000000514','M0000000009','C0000000513','3','EN ESPERA','2023-06-14 16:30:17',63),('P0000000515','M0000000001','C0000000514','4','EN ESPERA','2023-06-14 16:30:17',27),('P0000000516','M0000000002','C0000000515','3','EN ESPERA','2023-06-14 16:30:17',9),('P0000000517','M0000000003','C0000000516','4','EN ESPERA','2023-06-14 16:30:17',45),('P0000000518','M0000000004','C0000000517','3','EN ESPERA','2023-06-14 16:30:18',45),('P0000000519','M0000000005','C0000000518','4','EN ESPERA','2023-06-14 16:30:18',63),('P0000000520','M0000000006','C0000000519','3','EN ESPERA','2023-06-14 16:30:18',36),('P0000000521','M0000000007','C0000000520','4','EN ESPERA','2023-06-14 16:30:18',NULL),('P0000000522','M0000000008','C0000000521','3','EN ESPERA','2023-06-14 16:30:19',NULL),('P0000000523','M0000000009','C0000000522','4','EN ESPERA','2023-06-14 16:30:19',90),('P0000000524','M0000000001','C0000000523','3','EN ESPERA','2023-06-14 16:30:19',9),('P0000000525','M0000000002','C0000000524','4','EN ESPERA','2023-06-14 16:30:19',63),('P0000000526','M0000000003','C0000000525','3','EN ESPERA','2023-06-14 16:30:19',54),('P0000000527','M0000000004','C0000000526','4','EN ESPERA','2023-06-14 16:30:20',63),('P0000000528','M0000000005','C0000000527','3','EN ESPERA','2023-06-14 16:30:20',54),('P0000000529','M0000000006','C0000000528','4','EN ESPERA','2023-06-14 16:30:20',45),('P0000000530','M0000000007','C0000000529','3','EN ESPERA','2023-06-14 16:30:20',NULL),('P0000000531','M0000000008','C0000000530','4','EN ESPERA','2023-06-14 16:30:20',NULL),('P0000000532','M0000000009','C0000000531','3','EN ESPERA','2023-06-14 16:30:21',27),('P0000000533','M0000000001','C0000000532','4','EN ESPERA','2023-06-14 16:30:21',45),('P0000000534','M0000000002','C0000000533','3','EN ESPERA','2023-06-14 16:30:21',36),('P0000000535','M0000000003','C0000000534','4','EN ESPERA','2023-06-14 16:30:21',45),('P0000000536','M0000000004','C0000000535','3','EN ESPERA','2023-06-14 16:30:21',9),('P0000000537','M0000000005','C0000000536','4','EN ESPERA','2023-06-14 16:30:22',72),('P0000000538','M0000000006','C0000000537','3','EN ESPERA','2023-06-14 16:30:22',72),('P0000000539','M0000000007','C0000000538','4','EN ESPERA','2023-06-14 16:30:22',NULL),('P0000000540','M0000000008','C0000000539','3','EN ESPERA','2023-06-14 16:30:22',NULL),('P0000000541','M0000000009','C0000000540','4','EN ESPERA','2023-06-14 16:30:22',72),('P0000000542','M0000000001','C0000000541','3','EN ESPERA','2023-06-14 16:30:22',36),('P0000000543','M0000000002','C0000000542','4','EN ESPERA','2023-06-14 16:30:23',63),('P0000000544','M0000000003','C0000000543','3','EN ESPERA','2023-06-14 16:30:23',63),('P0000000545','M0000000004','C0000000544','4','EN ESPERA','2023-06-14 16:30:23',9),('P0000000546','M0000000005','C0000000545','3','EN ESPERA','2023-06-14 16:30:23',72),('P0000000547','M0000000006','C0000000546','4','EN ESPERA','2023-06-14 16:30:23',54),('P0000000548','M0000000007','C0000000547','3','EN ESPERA','2023-06-14 16:30:24',NULL),('P0000000549','M0000000008','C0000000548','4','EN ESPERA','2023-06-14 16:30:24',NULL),('P0000000550','M0000000009','C0000000549','3','EN ESPERA','2023-06-14 16:30:24',63),('P0000000551','M0000000001','C0000000550','4','EN ESPERA','2023-06-14 16:30:24',81),('P0000000552','M0000000002','C0000000551','3','EN ESPERA','2023-06-14 16:30:24',45),('P0000000553','M0000000003','C0000000552','4','EN ESPERA','2023-06-14 16:30:24',54),('P0000000554','M0000000004','C0000000553','3','EN ESPERA','2023-06-14 16:30:25',27),('P0000000555','M0000000005','C0000000554','4','EN ESPERA','2023-06-14 16:30:25',36),('P0000000556','M0000000006','C0000000555','3','EN ESPERA','2023-06-14 16:30:25',9),('P0000000557','M0000000007','C0000000556','4','EN ESPERA','2023-06-14 16:30:25',NULL),('P0000000558','M0000000008','C0000000557','3','EN ESPERA','2023-06-14 16:30:26',NULL),('P0000000559','M0000000009','C0000000558','4','EN ESPERA','2023-06-14 16:30:26',63),('P0000000560','M0000000001','C0000000559','3','EN ESPERA','2023-06-14 16:30:26',27),('P0000000561','M0000000002','C0000000560','4','EN ESPERA','2023-06-14 16:30:26',63),('P0000000562','M0000000003','C0000000561','3','EN ESPERA','2023-06-14 16:30:26',9),('P0000000563','M0000000004','C0000000562','4','EN ESPERA','2023-06-14 16:30:26',45),('P0000000564','M0000000005','C0000000563','3','EN ESPERA','2023-06-14 16:30:26',72),('P0000000565','M0000000006','C0000000564','4','EN ESPERA','2023-06-14 16:30:27',27),('P0000000566','M0000000007','C0000000565','3','EN ESPERA','2023-06-14 16:30:27',NULL),('P0000000567','M0000000008','C0000000566','4','EN ESPERA','2023-06-14 16:30:27',NULL),('P0000000568','M0000000009','C0000000567','3','EN ESPERA','2023-06-14 16:30:27',54),('P0000000569','M0000000001','C0000000568','4','EN ESPERA','2023-06-14 16:30:27',45),('P0000000570','M0000000002','C0000000569','3','EN ESPERA','2023-06-14 16:30:28',27),('P0000000571','M0000000003','C0000000570','4','EN ESPERA','2023-06-14 16:30:28',9),('P0000000572','M0000000004','C0000000571','3','EN ESPERA','2023-06-14 16:30:28',45),('P0000000573','M0000000005','C0000000572','4','EN ESPERA','2023-06-14 16:30:28',72),('P0000000574','M0000000006','C0000000573','3','EN ESPERA','2023-06-14 16:30:28',18),('P0000000575','M0000000007','C0000000574','4','EN ESPERA','2023-06-14 16:30:28',NULL),('P0000000576','M0000000008','C0000000575','3','EN ESPERA','2023-06-14 16:30:29',NULL),('P0000000577','M0000000009','C0000000576','4','EN ESPERA','2023-06-14 16:30:29',63),('P0000000578','M0000000001','C0000000577','3','EN ESPERA','2023-06-14 16:30:29',36),('P0000000579','M0000000002','C0000000578','4','EN ESPERA','2023-06-14 16:30:29',63),('P0000000580','M0000000003','C0000000579','3','EN ESPERA','2023-06-14 16:30:29',36),('P0000000581','M0000000004','C0000000580','4','EN ESPERA','2023-06-14 16:30:29',36),('P0000000582','M0000000005','C0000000581','3','EN ESPERA','2023-06-14 16:30:30',18),('P0000000583','M0000000006','C0000000582','4','EN ESPERA','2023-06-14 16:30:30',90),('P0000000584','M0000000007','C0000000583','3','EN ESPERA','2023-06-14 16:30:30',NULL),('P0000000585','M0000000008','C0000000584','4','EN ESPERA','2023-06-14 16:30:30',NULL),('P0000000586','M0000000009','C0000000585','3','EN ESPERA','2023-06-14 16:30:30',90),('P0000000587','M0000000001','C0000000586','4','EN ESPERA','2023-06-14 16:30:31',90),('P0000000588','M0000000002','C0000000587','3','EN ESPERA','2023-06-14 16:30:31',63),('P0000000589','M0000000003','C0000000588','4','EN ESPERA','2023-06-14 16:30:31',27),('P0000000590','M0000000004','C0000000589','3','EN ESPERA','2023-06-14 16:30:31',90),('P0000000591','M0000000005','C0000000590','4','EN ESPERA','2023-06-14 16:30:31',45),('P0000000592','M0000000006','C0000000591','3','EN ESPERA','2023-06-14 16:30:31',36),('P0000000593','M0000000007','C0000000592','4','EN ESPERA','2023-06-14 16:30:32',NULL),('P0000000594','M0000000008','C0000000593','3','EN ESPERA','2023-06-14 16:30:32',NULL),('P0000000595','M0000000009','C0000000594','4','EN ESPERA','2023-06-14 16:30:32',90),('P0000000596','M0000000001','C0000000595','3','EN ESPERA','2023-06-14 16:30:32',63),('P0000000597','M0000000002','C0000000596','4','EN ESPERA','2023-06-14 16:30:32',36),('P0000000598','M0000000003','C0000000597','3','EN ESPERA','2023-06-14 16:30:32',45),('P0000000599','M0000000004','C0000000598','4','EN ESPERA','2023-06-14 16:30:33',18),('P0000000600','M0000000005','C0000000599','3','EN ESPERA','2023-06-14 16:30:33',45),('P0000000601','M0000000006','C0000000600','4','EN ESPERA','2023-06-14 16:30:33',36),('P0000000602','M0000000007','C0000000601','3','EN ESPERA','2023-06-14 16:30:33',NULL),('P0000000603','M0000000008','C0000000602','4','EN ESPERA','2023-06-14 16:30:33',NULL),('P0000000604','M0000000009','C0000000603','3','EN ESPERA','2023-06-14 16:30:34',54),('P0000000605','M0000000001','C0000000604','4','EN ESPERA','2023-06-14 16:30:34',45),('P0000000606','M0000000002','C0000000605','3','EN ESPERA','2023-06-14 16:30:34',9),('P0000000607','M0000000003','C0000000606','4','EN ESPERA','2023-06-14 16:30:34',90),('P0000000608','M0000000004','C0000000607','3','EN ESPERA','2023-06-14 16:30:34',18),('P0000000609','M0000000005','C0000000608','4','EN ESPERA','2023-06-14 16:30:35',27),('P0000000610','M0000000006','C0000000609','3','EN ESPERA','2023-06-14 16:30:35',36),('P0000000611','M0000000007','C0000000610','4','EN ESPERA','2023-06-14 16:30:35',NULL),('P0000000612','M0000000008','C0000000611','3','EN ESPERA','2023-06-14 16:30:35',NULL),('P0000000613','M0000000009','C0000000612','4','EN ESPERA','2023-06-14 16:30:36',81),('P0000000614','M0000000001','C0000000613','3','EN ESPERA','2023-06-14 16:30:36',63),('P0000000615','M0000000002','C0000000614','4','EN ESPERA','2023-06-14 16:30:36',18),('P0000000616','M0000000003','C0000000615','3','EN ESPERA','2023-06-14 16:30:36',9),('P0000000617','M0000000004','C0000000616','4','EN ESPERA','2023-06-14 16:30:36',72),('P0000000618','M0000000005','C0000000617','3','EN ESPERA','2023-06-14 16:30:36',54),('P0000000619','M0000000006','C0000000618','4','EN ESPERA','2023-06-14 16:30:36',54),('P0000000620','M0000000007','C0000000619','3','EN ESPERA','2023-06-14 16:30:37',NULL),('P0000000621','M0000000008','C0000000620','4','EN ESPERA','2023-06-14 16:30:37',NULL),('P0000000622','M0000000009','C0000000621','3','EN ESPERA','2023-06-14 16:30:37',45),('P0000000623','M0000000001','C0000000622','4','EN ESPERA','2023-06-14 16:30:37',63),('P0000000624','M0000000002','C0000000623','3','EN ESPERA','2023-06-14 16:30:37',90),('P0000000625','M0000000003','C0000000624','4','EN ESPERA','2023-06-14 16:30:38',63),('P0000000626','M0000000004','C0000000625','3','EN ESPERA','2023-06-14 16:30:38',63),('P0000000627','M0000000005','C0000000626','4','EN ESPERA','2023-06-14 16:30:38',36),('P0000000628','M0000000006','C0000000627','3','EN ESPERA','2023-06-14 16:30:38',45),('P0000000629','M0000000007','C0000000628','4','EN ESPERA','2023-06-14 16:30:38',NULL),('P0000000630','M0000000008','C0000000629','3','EN ESPERA','2023-06-14 16:30:38',NULL),('P0000000631','M0000000009','C0000000630','4','EN ESPERA','2023-06-14 16:30:39',90),('P0000000632','M0000000001','C0000000631','3','EN ESPERA','2023-06-14 16:30:39',90),('P0000000633','M0000000002','C0000000632','4','EN ESPERA','2023-06-14 16:30:39',18),('P0000000634','M0000000003','C0000000633','3','EN ESPERA','2023-06-14 16:30:39',72),('P0000000635','M0000000004','C0000000634','4','EN ESPERA','2023-06-14 16:30:40',9),('P0000000636','M0000000005','C0000000635','3','EN ESPERA','2023-06-14 16:30:40',54),('P0000000637','M0000000006','C0000000636','4','EN ESPERA','2023-06-14 16:30:40',81),('P0000000638','M0000000007','C0000000637','3','EN ESPERA','2023-06-14 16:30:40',NULL),('P0000000639','M0000000008','C0000000638','4','EN ESPERA','2023-06-14 16:30:40',NULL),('P0000000640','M0000000009','C0000000639','3','EN ESPERA','2023-06-14 16:30:40',63),('P0000000641','M0000000001','C0000000640','4','EN ESPERA','2023-06-14 16:30:41',90),('P0000000642','M0000000002','C0000000641','3','EN ESPERA','2023-06-14 16:30:41',90),('P0000000643','M0000000003','C0000000642','4','EN ESPERA','2023-06-14 16:30:41',36),('P0000000644','M0000000004','C0000000643','3','EN ESPERA','2023-06-14 16:30:41',90),('P0000000645','M0000000005','C0000000644','4','EN ESPERA','2023-06-14 16:30:41',9),('P0000000646','M0000000006','C0000000645','3','EN ESPERA','2023-06-14 16:30:42',81),('P0000000647','M0000000007','C0000000646','4','EN ESPERA','2023-06-14 16:30:42',NULL),('P0000000648','M0000000008','C0000000647','3','EN ESPERA','2023-06-14 16:30:42',NULL),('P0000000649','M0000000009','C0000000648','4','EN ESPERA','2023-06-14 16:30:42',36),('P0000000650','M0000000001','C0000000649','3','EN ESPERA','2023-06-14 16:30:42',72),('P0000000651','M0000000002','C0000000650','4','EN ESPERA','2023-06-14 16:30:42',27),('P0000000652','M0000000003','C0000000651','3','EN ESPERA','2023-06-14 16:30:42',72),('P0000000653','M0000000004','C0000000652','4','EN ESPERA','2023-06-14 16:30:43',45),('P0000000654','M0000000005','C0000000653','3','EN ESPERA','2023-06-14 16:30:43',9),('P0000000655','M0000000006','C0000000654','4','EN ESPERA','2023-06-14 16:30:43',27),('P0000000656','M0000000007','C0000000655','3','EN ESPERA','2023-06-14 16:30:43',NULL),('P0000000657','M0000000008','C0000000656','4','EN ESPERA','2023-06-14 16:30:44',NULL),('P0000000658','M0000000009','C0000000657','3','EN ESPERA','2023-06-14 16:30:44',27),('P0000000659','M0000000001','C0000000658','4','EN ESPERA','2023-06-14 16:30:44',45),('P0000000660','M0000000002','C0000000659','3','EN ESPERA','2023-06-14 16:30:44',36),('P0000000661','M0000000003','C0000000660','4','EN ESPERA','2023-06-14 16:30:44',90),('P0000000662','M0000000004','C0000000661','3','EN ESPERA','2023-06-14 16:30:45',45),('P0000000663','M0000000005','C0000000662','4','EN ESPERA','2023-06-14 16:30:45',72),('P0000000664','M0000000006','C0000000663','3','EN ESPERA','2023-06-14 16:30:45',45),('P0000000665','M0000000007','C0000000664','4','EN ESPERA','2023-06-14 16:30:45',NULL),('P0000000666','M0000000008','C0000000665','3','EN ESPERA','2023-06-14 16:30:45',NULL),('P0000000667','M0000000009','C0000000666','4','EN ESPERA','2023-06-14 16:30:46',45),('P0000000668','M0000000001','C0000000667','3','EN ESPERA','2023-06-14 16:30:46',27),('P0000000669','M0000000002','C0000000668','4','EN ESPERA','2023-06-14 16:30:46',9),('P0000000670','M0000000003','C0000000669','3','EN ESPERA','2023-06-14 16:30:47',72),('P0000000671','M0000000004','C0000000670','4','EN ESPERA','2023-06-14 16:30:47',81),('P0000000672','M0000000005','C0000000671','3','EN ESPERA','2023-06-14 16:30:47',63),('P0000000673','M0000000006','C0000000672','4','EN ESPERA','2023-06-14 16:30:47',9),('P0000000674','M0000000007','C0000000673','3','EN ESPERA','2023-06-14 16:30:47',NULL),('P0000000675','M0000000008','C0000000674','4','EN ESPERA','2023-06-14 16:30:47',NULL),('P0000000676','M0000000009','C0000000675','3','EN ESPERA','2023-06-14 16:30:47',90),('P0000000677','M0000000001','C0000000676','4','EN ESPERA','2023-06-14 16:30:48',81),('P0000000678','M0000000002','C0000000677','3','EN ESPERA','2023-06-14 16:30:48',45),('P0000000679','M0000000003','C0000000678','4','EN ESPERA','2023-06-14 16:30:48',36),('P0000000680','M0000000004','C0000000679','3','EN ESPERA','2023-06-14 16:30:48',36),('P0000000681','M0000000005','C0000000680','4','EN ESPERA','2023-06-14 16:30:49',63),('P0000000682','M0000000006','C0000000681','3','EN ESPERA','2023-06-14 16:30:49',18),('P0000000683','M0000000007','C0000000682','4','EN ESPERA','2023-06-14 16:30:49',NULL),('P0000000684','M0000000008','C0000000683','3','EN ESPERA','2023-06-14 16:30:49',NULL),('P0000000685','M0000000009','C0000000684','4','EN ESPERA','2023-06-14 16:30:50',36),('P0000000686','M0000000001','C0000000685','3','EN ESPERA','2023-06-14 16:30:50',54),('P0000000687','M0000000002','C0000000686','4','EN ESPERA','2023-06-14 16:30:50',36),('P0000000688','M0000000003','C0000000687','3','EN ESPERA','2023-06-14 16:30:50',81),('P0000000689','M0000000004','C0000000688','4','EN ESPERA','2023-06-14 16:30:50',45),('P0000000690','M0000000005','C0000000689','3','EN ESPERA','2023-06-14 16:30:51',72),('P0000000691','M0000000006','C0000000690','4','EN ESPERA','2023-06-14 16:30:51',45),('P0000000692','M0000000007','C0000000691','3','EN ESPERA','2023-06-14 16:30:51',NULL),('P0000000693','M0000000008','C0000000692','4','EN ESPERA','2023-06-14 16:30:51',NULL),('P0000000694','M0000000009','C0000000693','3','EN ESPERA','2023-06-14 16:30:52',36),('P0000000695','M0000000001','C0000000694','4','EN ESPERA','2023-06-14 16:30:52',54),('P0000000696','M0000000002','C0000000695','3','EN ESPERA','2023-06-14 16:30:52',9),('P0000000697','M0000000003','C0000000696','4','EN ESPERA','2023-06-14 16:30:52',36),('P0000000698','M0000000004','C0000000697','3','EN ESPERA','2023-06-14 16:30:52',63),('P0000000699','M0000000005','C0000000698','4','EN ESPERA','2023-06-14 16:30:53',36),('P0000000700','M0000000006','C0000000699','3','EN ESPERA','2023-06-14 16:30:53',72),('P0000000701','M0000000007','C0000000700','4','EN ESPERA','2023-06-14 16:30:53',NULL),('P0000000702','M0000000008','C0000000701','3','EN ESPERA','2023-06-14 16:30:53',NULL),('P0000000703','M0000000009','C0000000702','4','EN ESPERA','2023-06-14 16:30:54',90),('P0000000704','M0000000001','C0000000703','3','EN ESPERA','2023-06-14 16:30:54',81),('P0000000705','M0000000002','C0000000704','4','EN ESPERA','2023-06-14 16:30:54',81),('P0000000706','M0000000003','C0000000705','3','EN ESPERA','2023-06-14 16:30:54',9),('P0000000707','M0000000004','C0000000706','4','EN ESPERA','2023-06-14 16:30:54',36),('P0000000708','M0000000005','C0000000707','3','EN ESPERA','2023-06-14 16:30:54',63),('P0000000709','M0000000006','C0000000708','4','EN ESPERA','2023-06-14 16:30:55',63),('P0000000710','M0000000007','C0000000709','3','EN ESPERA','2023-06-14 16:30:55',NULL),('P0000000711','M0000000008','C0000000710','4','EN ESPERA','2023-06-14 16:30:55',NULL),('P0000000712','M0000000009','C0000000711','3','EN ESPERA','2023-06-14 16:30:55',63),('P0000000713','M0000000001','C0000000712','4','EN ESPERA','2023-06-14 16:30:55',90),('P0000000714','M0000000002','C0000000713','3','EN ESPERA','2023-06-14 16:30:55',72),('P0000000715','M0000000003','C0000000714','4','EN ESPERA','2023-06-14 16:30:55',63),('P0000000716','M0000000004','C0000000715','3','EN ESPERA','2023-06-14 16:30:56',18),('P0000000717','M0000000005','C0000000716','4','EN ESPERA','2023-06-14 16:30:56',63),('P0000000718','M0000000006','C0000000717','3','EN ESPERA','2023-06-14 16:30:56',18),('P0000000719','M0000000007','C0000000718','4','EN ESPERA','2023-06-14 16:30:56',NULL),('P0000000720','M0000000008','C0000000719','3','EN ESPERA','2023-06-14 16:30:56',NULL),('P0000000721','M0000000009','C0000000720','4','EN ESPERA','2023-06-14 16:30:57',36),('P0000000722','M0000000001','C0000000721','3','EN ESPERA','2023-06-14 16:30:57',63),('P0000000723','M0000000002','C0000000722','4','EN ESPERA','2023-06-14 16:30:57',18),('P0000000724','M0000000003','C0000000723','3','EN ESPERA','2023-06-14 16:30:57',54),('P0000000725','M0000000004','C0000000724','4','EN ESPERA','2023-06-14 16:30:57',63),('P0000000726','M0000000005','C0000000725','3','EN ESPERA','2023-06-14 16:30:57',9),('P0000000727','M0000000006','C0000000726','4','EN ESPERA','2023-06-14 16:30:57',27),('P0000000728','M0000000007','C0000000727','3','EN ESPERA','2023-06-14 16:30:58',NULL),('P0000000729','M0000000008','C0000000728','4','EN ESPERA','2023-06-14 16:30:58',NULL),('P0000000730','M0000000009','C0000000729','3','EN ESPERA','2023-06-14 16:30:58',63),('P0000000731','M0000000001','C0000000730','4','EN ESPERA','2023-06-14 16:30:58',90),('P0000000732','M0000000002','C0000000731','3','EN ESPERA','2023-06-14 16:30:58',63),('P0000000733','M0000000003','C0000000732','4','EN ESPERA','2023-06-14 16:30:58',90),('P0000000734','M0000000004','C0000000733','3','EN ESPERA','2023-06-14 16:30:59',90),('P0000000735','M0000000005','C0000000734','4','EN ESPERA','2023-06-14 16:30:59',18),('P0000000736','M0000000006','C0000000735','3','EN ESPERA','2023-06-14 16:30:59',81),('P0000000737','M0000000007','C0000000736','4','EN ESPERA','2023-06-14 16:30:59',NULL),('P0000000738','M0000000008','C0000000737','3','EN ESPERA','2023-06-14 16:31:00',NULL),('P0000000739','M0000000009','C0000000738','4','EN ESPERA','2023-06-14 16:31:00',81),('P0000000740','M0000000001','C0000000739','3','EN ESPERA','2023-06-14 16:31:00',36),('P0000000741','M0000000002','C0000000740','4','EN ESPERA','2023-06-14 16:31:00',72),('P0000000742','M0000000003','C0000000741','3','EN ESPERA','2023-06-14 16:31:01',36),('P0000000743','M0000000004','C0000000742','4','EN ESPERA','2023-06-14 16:31:01',90),('P0000000744','M0000000005','C0000000743','3','EN ESPERA','2023-06-14 16:31:01',45),('P0000000745','M0000000006','C0000000744','4','EN ESPERA','2023-06-14 16:31:01',72),('P0000000746','M0000000007','C0000000745','3','EN ESPERA','2023-06-14 16:31:01',NULL),('P0000000747','M0000000008','C0000000746','4','EN ESPERA','2023-06-14 16:31:02',NULL),('P0000000748','M0000000009','C0000000747','3','EN ESPERA','2023-06-14 16:31:02',90),('P0000000749','M0000000001','C0000000748','4','EN ESPERA','2023-06-14 16:31:02',90),('P0000000750','M0000000002','C0000000749','3','EN ESPERA','2023-06-14 16:31:02',36),('P0000000751','M0000000003','C0000000750','4','EN ESPERA','2023-06-14 16:31:02',90),('P0000000752','M0000000004','C0000000751','3','EN ESPERA','2023-06-14 16:31:03',72),('P0000000753','M0000000005','C0000000752','4','EN ESPERA','2023-06-14 16:31:03',72),('P0000000754','M0000000006','C0000000753','3','EN ESPERA','2023-06-14 16:31:03',63),('P0000000755','M0000000007','C0000000754','4','EN ESPERA','2023-06-14 16:31:03',NULL),('P0000000756','M0000000008','C0000000755','3','EN ESPERA','2023-06-14 16:31:03',NULL),('P0000000757','M0000000009','C0000000756','4','EN ESPERA','2023-06-14 16:31:03',90),('P0000000758','M0000000001','C0000000757','3','EN ESPERA','2023-06-14 16:31:04',9),('P0000000759','M0000000002','C0000000758','4','EN ESPERA','2023-06-14 16:31:04',36),('P0000000760','M0000000003','C0000000759','3','EN ESPERA','2023-06-14 16:31:04',63),('P0000000761','M0000000004','C0000000760','4','EN ESPERA','2023-06-14 16:31:04',63),('P0000000762','M0000000005','C0000000761','3','EN ESPERA','2023-06-14 16:31:04',27),('P0000000763','M0000000006','C0000000762','4','EN ESPERA','2023-06-14 16:31:05',36),('P0000000764','M0000000007','C0000000763','3','EN ESPERA','2023-06-14 16:31:05',NULL),('P0000000765','M0000000008','C0000000764','4','EN ESPERA','2023-06-14 16:31:05',NULL),('P0000000766','M0000000009','C0000000765','3','EN ESPERA','2023-06-14 16:31:05',27),('P0000000767','M0000000001','C0000000766','4','EN ESPERA','2023-06-14 16:31:06',9),('P0000000768','M0000000002','C0000000767','3','EN ESPERA','2023-06-14 16:31:06',27),('P0000000769','M0000000003','C0000000768','4','EN ESPERA','2023-06-14 16:31:06',9),('P0000000770','M0000000004','C0000000769','3','EN ESPERA','2023-06-14 16:31:06',18),('P0000000771','M0000000005','C0000000770','4','EN ESPERA','2023-06-14 16:31:06',54),('P0000000772','M0000000006','C0000000771','3','EN ESPERA','2023-06-14 16:31:07',90),('P0000000773','M0000000007','C0000000772','4','EN ESPERA','2023-06-14 16:31:07',NULL),('P0000000774','M0000000008','C0000000773','3','EN ESPERA','2023-06-14 16:31:07',NULL),('P0000000775','M0000000009','C0000000774','4','EN ESPERA','2023-06-14 16:31:07',54),('P0000000776','M0000000001','C0000000775','3','EN ESPERA','2023-06-14 16:31:07',18),('P0000000777','M0000000002','C0000000776','4','EN ESPERA','2023-06-14 16:31:08',18),('P0000000778','M0000000003','C0000000777','3','EN ESPERA','2023-06-14 16:31:08',81),('P0000000779','M0000000004','C0000000778','4','EN ESPERA','2023-06-14 16:31:08',81),('P0000000780','M0000000005','C0000000779','3','EN ESPERA','2023-06-14 16:31:08',63),('P0000000781','M0000000006','C0000000780','4','EN ESPERA','2023-06-14 16:31:08',27),('P0000000782','M0000000007','C0000000781','3','EN ESPERA','2023-06-14 16:31:08',NULL),('P0000000783','M0000000008','C0000000782','4','EN ESPERA','2023-06-14 16:31:09',NULL),('P0000000784','M0000000009','C0000000783','3','EN ESPERA','2023-06-14 16:31:09',90),('P0000000785','M0000000001','C0000000784','4','EN ESPERA','2023-06-14 16:31:09',81),('P0000000786','M0000000002','C0000000785','3','EN ESPERA','2023-06-14 16:31:09',63),('P0000000787','M0000000003','C0000000786','4','EN ESPERA','2023-06-14 16:31:10',54),('P0000000788','M0000000004','C0000000787','3','EN ESPERA','2023-06-14 16:31:10',81),('P0000000789','M0000000005','C0000000788','4','EN ESPERA','2023-06-14 16:31:10',90),('P0000000790','M0000000006','C0000000789','3','EN ESPERA','2023-06-14 16:31:10',27),('P0000000791','M0000000007','C0000000790','4','EN ESPERA','2023-06-14 16:31:10',NULL),('P0000000792','M0000000008','C0000000791','3','EN ESPERA','2023-06-14 16:31:10',NULL),('P0000000793','M0000000009','C0000000792','4','EN ESPERA','2023-06-14 16:31:10',9),('P0000000794','M0000000001','C0000000793','3','EN ESPERA','2023-06-14 16:31:10',72),('P0000000795','M0000000002','C0000000794','4','EN ESPERA','2023-06-14 16:31:11',9),('P0000000796','M0000000003','C0000000795','3','EN ESPERA','2023-06-14 16:31:11',36),('P0000000797','M0000000004','C0000000796','4','EN ESPERA','2023-06-14 16:31:11',81),('P0000000798','M0000000005','C0000000797','3','EN ESPERA','2023-06-14 16:31:12',18),('P0000000799','M0000000006','C0000000798','4','EN ESPERA','2023-06-14 16:31:12',90),('P0000000800','M0000000007','C0000000799','3','EN ESPERA','2023-06-14 16:31:12',NULL),('P0000000801','M0000000008','C0000000800','4','EN ESPERA','2023-06-14 16:31:12',NULL),('P0000000802','M0000000009','C0000000801','3','EN ESPERA','2023-06-14 16:31:13',27),('P0000000803','M0000000001','C0000000802','4','EN ESPERA','2023-06-14 16:31:13',81),('P0000000804','M0000000002','C0000000803','3','EN ESPERA','2023-06-14 16:31:13',27),('P0000000805','M0000000003','C0000000804','4','EN ESPERA','2023-06-14 16:31:13',72),('P0000000806','M0000000004','C0000000805','3','EN ESPERA','2023-06-14 16:31:14',9),('P0000000807','M0000000005','C0000000806','4','EN ESPERA','2023-06-14 16:31:14',81),('P0000000808','M0000000006','C0000000807','3','EN ESPERA','2023-06-14 16:31:14',72),('P0000000809','M0000000007','C0000000808','4','EN ESPERA','2023-06-14 16:31:14',NULL),('P0000000810','M0000000008','C0000000809','3','EN ESPERA','2023-06-14 16:31:14',NULL),('P0000000811','M0000000009','C0000000810','4','EN ESPERA','2023-06-14 16:31:14',9),('P0000000812','M0000000001','C0000000811','3','EN ESPERA','2023-06-14 16:31:15',72),('P0000000813','M0000000002','C0000000812','4','EN ESPERA','2023-06-14 16:31:15',90),('P0000000814','M0000000003','C0000000813','3','EN ESPERA','2023-06-14 16:31:15',9),('P0000000815','M0000000004','C0000000814','4','EN ESPERA','2023-06-14 16:31:15',27),('P0000000816','M0000000005','C0000000815','3','EN ESPERA','2023-06-14 16:31:15',63),('P0000000817','M0000000006','C0000000816','4','EN ESPERA','2023-06-14 16:31:16',18),('P0000000818','M0000000007','C0000000817','3','EN ESPERA','2023-06-14 16:31:16',NULL),('P0000000819','M0000000008','C0000000818','4','EN ESPERA','2023-06-14 16:31:16',NULL),('P0000000820','M0000000009','C0000000819','3','EN ESPERA','2023-06-14 16:31:16',72),('P0000000821','M0000000001','C0000000820','4','EN ESPERA','2023-06-14 16:31:16',90),('P0000000822','M0000000002','C0000000821','3','EN ESPERA','2023-06-14 16:31:17',54),('P0000000823','M0000000003','C0000000822','4','EN ESPERA','2023-06-14 16:31:17',72),('P0000000824','M0000000004','C0000000823','3','EN ESPERA','2023-06-14 16:31:17',45),('P0000000825','M0000000005','C0000000824','4','EN ESPERA','2023-06-14 16:31:17',90),('P0000000826','M0000000006','C0000000825','3','EN ESPERA','2023-06-14 16:31:17',54),('P0000000827','M0000000007','C0000000826','4','EN ESPERA','2023-06-14 16:31:17',NULL),('P0000000828','M0000000008','C0000000827','3','EN ESPERA','2023-06-14 16:31:18',NULL),('P0000000829','M0000000009','C0000000828','4','EN ESPERA','2023-06-14 16:31:18',81),('P0000000830','M0000000001','C0000000829','3','EN ESPERA','2023-06-14 16:31:18',27),('P0000000831','M0000000002','C0000000830','4','EN ESPERA','2023-06-14 16:31:18',63),('P0000000832','M0000000003','C0000000831','3','EN ESPERA','2023-06-14 16:31:18',54),('P0000000833','M0000000004','C0000000832','4','EN ESPERA','2023-06-14 16:31:19',18),('P0000000834','M0000000005','C0000000833','3','EN ESPERA','2023-06-14 16:31:19',9),('P0000000835','M0000000006','C0000000834','4','EN ESPERA','2023-06-14 16:31:19',45),('P0000000836','M0000000007','C0000000835','3','EN ESPERA','2023-06-14 16:31:20',NULL),('P0000000837','M0000000008','C0000000836','4','EN ESPERA','2023-06-14 16:31:20',NULL),('P0000000838','M0000000009','C0000000837','3','EN ESPERA','2023-06-14 16:31:20',72),('P0000000839','M0000000001','C0000000838','4','EN ESPERA','2023-06-14 16:31:20',18),('P0000000840','M0000000002','C0000000839','3','EN ESPERA','2023-06-14 16:31:20',54),('P0000000841','M0000000003','C0000000840','4','EN ESPERA','2023-06-14 16:31:21',63),('P0000000842','M0000000004','C0000000841','3','EN ESPERA','2023-06-14 16:31:21',27),('P0000000843','M0000000005','C0000000842','4','EN ESPERA','2023-06-14 16:31:21',72),('P0000000844','M0000000006','C0000000843','3','EN ESPERA','2023-06-14 16:31:21',18),('P0000000845','M0000000007','C0000000844','4','EN ESPERA','2023-06-14 16:31:22',NULL),('P0000000846','M0000000008','C0000000845','3','EN ESPERA','2023-06-14 16:31:22',NULL),('P0000000847','M0000000009','C0000000846','4','EN ESPERA','2023-06-14 16:31:22',90),('P0000000848','M0000000001','C0000000847','3','EN ESPERA','2023-06-14 16:31:22',18),('P0000000849','M0000000002','C0000000848','4','EN ESPERA','2023-06-14 16:31:22',36),('P0000000850','M0000000003','C0000000849','3','EN ESPERA','2023-06-14 16:31:23',72),('P0000000851','M0000000004','C0000000850','4','EN ESPERA','2023-06-14 16:31:23',45),('P0000000852','M0000000005','C0000000851','3','EN ESPERA','2023-06-14 16:31:23',9),('P0000000853','M0000000006','C0000000852','4','EN ESPERA','2023-06-14 16:31:23',54),('P0000000854','M0000000007','C0000000853','3','EN ESPERA','2023-06-14 16:31:23',NULL),('P0000000855','M0000000008','C0000000854','4','EN ESPERA','2023-06-14 16:31:24',NULL),('P0000000856','M0000000009','C0000000855','3','EN ESPERA','2023-06-14 16:31:24',9),('P0000000857','M0000000001','C0000000856','4','EN ESPERA','2023-06-14 16:31:24',90),('P0000000858','M0000000002','C0000000857','3','EN ESPERA','2023-06-14 16:31:24',72),('P0000000859','M0000000003','C0000000858','4','EN ESPERA','2023-06-14 16:31:24',63),('P0000000860','M0000000004','C0000000859','3','EN ESPERA','2023-06-14 16:31:25',9),('P0000000861','M0000000005','C0000000860','4','EN ESPERA','2023-06-14 16:31:25',54),('P0000000862','M0000000006','C0000000861','3','EN ESPERA','2023-06-14 16:31:25',54),('P0000000863','M0000000007','C0000000862','4','EN ESPERA','2023-06-14 16:31:25',NULL),('P0000000864','M0000000008','C0000000863','3','EN ESPERA','2023-06-14 16:31:25',NULL),('P0000000865','M0000000009','C0000000864','4','EN ESPERA','2023-06-14 16:31:26',54),('P0000000866','M0000000001','C0000000865','3','EN ESPERA','2023-06-14 16:31:26',63),('P0000000867','M0000000002','C0000000866','4','EN ESPERA','2023-06-14 16:31:26',72),('P0000000868','M0000000003','C0000000867','3','EN ESPERA','2023-06-14 16:31:26',18),('P0000000869','M0000000004','C0000000868','4','EN ESPERA','2023-06-14 16:31:26',90),('P0000000870','M0000000005','C0000000869','3','EN ESPERA','2023-06-14 16:31:27',36),('P0000000871','M0000000006','C0000000870','4','EN ESPERA','2023-06-14 16:31:27',72),('P0000000872','M0000000007','C0000000871','3','EN ESPERA','2023-06-14 16:31:27',NULL),('P0000000873','M0000000008','C0000000872','4','EN ESPERA','2023-06-14 16:31:27',NULL),('P0000000874','M0000000009','C0000000873','3','EN ESPERA','2023-06-14 16:31:27',54),('P0000000875','M0000000001','C0000000874','4','EN ESPERA','2023-06-14 16:31:27',27),('P0000000876','M0000000002','C0000000875','3','EN ESPERA','2023-06-14 16:31:28',9),('P0000000877','M0000000003','C0000000876','4','EN ESPERA','2023-06-14 16:31:28',81),('P0000000878','M0000000004','C0000000877','3','EN ESPERA','2023-06-14 16:31:28',18),('P0000000879','M0000000005','C0000000878','4','EN ESPERA','2023-06-14 16:31:28',18),('P0000000880','M0000000006','C0000000879','3','EN ESPERA','2023-06-14 16:31:28',27),('P0000000881','M0000000007','C0000000880','4','EN ESPERA','2023-06-14 16:31:29',NULL),('P0000000882','M0000000008','C0000000881','3','EN ESPERA','2023-06-14 16:31:29',NULL),('P0000000883','M0000000009','C0000000882','4','EN ESPERA','2023-06-14 16:31:29',63),('P0000000884','M0000000001','C0000000883','3','EN ESPERA','2023-06-14 16:31:29',72),('P0000000885','M0000000002','C0000000884','4','EN ESPERA','2023-06-14 16:31:29',90),('P0000000886','M0000000003','C0000000885','3','EN ESPERA','2023-06-14 16:31:29',54),('P0000000887','M0000000004','C0000000886','4','EN ESPERA','2023-06-14 16:31:29',9),('P0000000888','M0000000005','C0000000887','3','EN ESPERA','2023-06-14 16:31:30',90),('P0000000889','M0000000006','C0000000888','4','EN ESPERA','2023-06-14 16:31:30',45),('P0000000890','M0000000007','C0000000889','3','EN ESPERA','2023-06-14 16:31:30',NULL),('P0000000891','M0000000008','C0000000890','4','EN ESPERA','2023-06-14 16:31:30',NULL),('P0000000892','M0000000009','C0000000891','3','EN ESPERA','2023-06-14 16:31:31',72),('P0000000893','M0000000001','C0000000892','4','EN ESPERA','2023-06-14 16:31:31',18),('P0000000894','M0000000002','C0000000893','3','EN ESPERA','2023-06-14 16:31:31',81),('P0000000895','M0000000003','C0000000894','4','EN ESPERA','2023-06-14 16:31:31',90),('P0000000896','M0000000004','C0000000895','3','EN ESPERA','2023-06-14 16:31:31',9),('P0000000897','M0000000005','C0000000896','4','EN ESPERA','2023-06-14 16:31:32',81),('P0000000898','M0000000006','C0000000897','3','EN ESPERA','2023-06-14 16:31:32',9),('P0000000899','M0000000007','C0000000898','4','EN ESPERA','2023-06-14 16:31:32',NULL),('P0000000900','M0000000008','C0000000899','3','EN ESPERA','2023-06-14 16:31:32',NULL),('P0000000901','M0000000009','C0000000900','4','EN ESPERA','2023-06-14 16:31:32',9),('P0000000902','M0000000001','C0000000901','3','EN ESPERA','2023-06-14 16:31:33',90),('P0000000903','M0000000002','C0000000902','4','EN ESPERA','2023-06-14 16:31:33',27),('P0000000904','M0000000003','C0000000903','3','EN ESPERA','2023-06-14 16:31:34',63),('P0000000905','M0000000004','C0000000904','4','EN ESPERA','2023-06-14 16:31:34',45),('P0000000906','M0000000005','C0000000905','3','EN ESPERA','2023-06-14 16:31:35',18),('P0000000907','M0000000006','C0000000906','4','EN ESPERA','2023-06-14 16:31:35',27),('P0000000908','M0000000007','C0000000907','3','EN ESPERA','2023-06-14 16:31:36',NULL),('P0000000909','M0000000008','C0000000908','4','EN ESPERA','2023-06-14 16:31:36',NULL),('P0000000910','M0000000009','C0000000909','3','EN ESPERA','2023-06-14 16:31:36',9),('P0000000911','M0000000001','C0000000910','4','EN ESPERA','2023-06-14 16:31:36',45),('P0000000912','M0000000002','C0000000911','3','EN ESPERA','2023-06-14 16:31:36',27),('P0000000913','M0000000003','C0000000912','4','EN ESPERA','2023-06-14 16:31:37',54),('P0000000914','M0000000004','C0000000913','3','EN ESPERA','2023-06-14 16:31:37',27),('P0000000915','M0000000005','C0000000914','4','EN ESPERA','2023-06-14 16:31:37',9),('P0000000916','M0000000006','C0000000915','3','EN ESPERA','2023-06-14 16:31:38',90),('P0000000917','M0000000007','C0000000916','4','EN ESPERA','2023-06-14 16:31:38',NULL),('P0000000918','M0000000008','C0000000917','3','EN ESPERA','2023-06-14 16:31:38',NULL),('P0000000919','M0000000009','C0000000918','4','EN ESPERA','2023-06-14 16:31:38',90),('P0000000920','M0000000001','C0000000919','3','EN ESPERA','2023-06-14 16:31:38',36),('P0000000921','M0000000002','C0000000920','4','EN ESPERA','2023-06-14 16:31:38',18),('P0000000922','M0000000003','C0000000921','3','EN ESPERA','2023-06-14 16:31:38',36),('P0000000923','M0000000004','C0000000922','4','EN ESPERA','2023-06-14 16:31:39',72),('P0000000924','M0000000005','C0000000923','3','EN ESPERA','2023-06-14 16:31:39',63),('P0000000925','M0000000006','C0000000924','4','EN ESPERA','2023-06-14 16:31:39',72),('P0000000926','M0000000007','C0000000925','3','EN ESPERA','2023-06-14 16:31:39',NULL),('P0000000927','M0000000008','C0000000926','4','EN ESPERA','2023-06-14 16:31:39',NULL),('P0000000928','M0000000009','C0000000927','3','EN ESPERA','2023-06-14 16:31:40',9),('P0000000929','M0000000001','C0000000928','4','EN ESPERA','2023-06-14 16:31:40',45),('P0000000930','M0000000002','C0000000929','3','EN ESPERA','2023-06-14 16:31:40',72),('P0000000931','M0000000003','C0000000930','4','EN ESPERA','2023-06-14 16:31:40',54),('P0000000932','M0000000004','C0000000931','3','EN ESPERA','2023-06-14 16:31:41',36),('P0000000933','M0000000005','C0000000932','4','EN ESPERA','2023-06-14 16:31:41',72),('P0000000934','M0000000006','C0000000933','3','EN ESPERA','2023-06-14 16:31:41',45),('P0000000935','M0000000007','C0000000934','4','EN ESPERA','2023-06-14 16:31:41',NULL),('P0000000936','M0000000008','C0000000935','3','EN ESPERA','2023-06-14 16:31:41',NULL),('P0000000937','M0000000009','C0000000936','4','EN ESPERA','2023-06-14 16:31:42',45),('P0000000938','M0000000001','C0000000937','3','EN ESPERA','2023-06-14 16:31:42',54),('P0000000939','M0000000002','C0000000938','4','EN ESPERA','2023-06-14 16:31:42',81),('P0000000940','M0000000003','C0000000939','3','EN ESPERA','2023-06-14 16:31:42',90),('P0000000941','M0000000004','C0000000940','4','EN ESPERA','2023-06-14 16:31:42',54),('P0000000942','M0000000005','C0000000941','3','EN ESPERA','2023-06-14 16:31:43',63),('P0000000943','M0000000006','C0000000942','4','EN ESPERA','2023-06-14 16:31:43',18),('P0000000944','M0000000007','C0000000943','3','EN ESPERA','2023-06-14 16:31:43',NULL),('P0000000945','M0000000008','C0000000944','4','EN ESPERA','2023-06-14 16:31:43',NULL),('P0000000946','M0000000009','C0000000945','3','EN ESPERA','2023-06-14 16:31:43',90),('P0000000947','M0000000001','C0000000946','4','EN ESPERA','2023-06-14 16:31:44',90),('P0000000948','M0000000002','C0000000947','3','EN ESPERA','2023-06-14 16:31:44',36),('P0000000949','M0000000003','C0000000948','4','EN ESPERA','2023-06-14 16:31:44',27),('P0000000950','M0000000004','C0000000949','3','EN ESPERA','2023-06-14 16:31:44',9),('P0000000951','M0000000005','C0000000950','4','EN ESPERA','2023-06-14 16:31:44',27),('P0000000952','M0000000006','C0000000951','3','EN ESPERA','2023-06-14 16:31:45',9),('P0000000953','M0000000007','C0000000952','4','EN ESPERA','2023-06-14 16:31:45',NULL),('P0000000954','M0000000008','C0000000953','3','EN ESPERA','2023-06-14 16:31:45',NULL),('P0000000955','M0000000009','C0000000954','4','EN ESPERA','2023-06-14 16:31:45',45),('P0000000956','M0000000001','C0000000955','3','EN ESPERA','2023-06-14 16:31:45',90),('P0000000957','M0000000002','C0000000956','4','EN ESPERA','2023-06-14 16:31:45',81),('P0000000958','M0000000003','C0000000957','3','EN ESPERA','2023-06-14 16:31:46',81),('P0000000959','M0000000004','C0000000958','4','EN ESPERA','2023-06-14 16:31:46',54),('P0000000960','M0000000005','C0000000959','3','EN ESPERA','2023-06-14 16:31:46',63),('P0000000961','M0000000006','C0000000960','4','EN ESPERA','2023-06-14 16:31:46',9),('P0000000962','M0000000007','C0000000961','3','EN ESPERA','2023-06-14 16:31:47',NULL),('P0000000963','M0000000008','C0000000962','4','EN ESPERA','2023-06-14 16:31:47',NULL),('P0000000964','M0000000009','C0000000963','3','EN ESPERA','2023-06-14 16:31:47',27),('P0000000965','M0000000001','C0000000964','4','EN ESPERA','2023-06-14 16:31:47',63),('P0000000966','M0000000002','C0000000965','3','EN ESPERA','2023-06-14 16:31:48',9),('P0000000967','M0000000003','C0000000966','4','EN ESPERA','2023-06-14 16:31:48',72),('P0000000968','M0000000004','C0000000967','3','EN ESPERA','2023-06-14 16:31:48',63),('P0000000969','M0000000005','C0000000968','4','EN ESPERA','2023-06-14 16:31:48',72),('P0000000970','M0000000006','C0000000969','3','EN ESPERA','2023-06-14 16:31:48',90),('P0000000971','M0000000007','C0000000970','4','EN ESPERA','2023-06-14 16:31:49',NULL),('P0000000972','M0000000008','C0000000971','3','EN ESPERA','2023-06-14 16:31:49',NULL),('P0000000973','M0000000009','C0000000972','4','EN ESPERA','2023-06-14 16:31:49',18),('P0000000974','M0000000001','C0000000973','3','EN ESPERA','2023-06-14 16:31:49',72),('P0000000975','M0000000002','C0000000974','4','EN ESPERA','2023-06-14 16:31:49',18),('P0000000976','M0000000003','C0000000975','3','EN ESPERA','2023-06-14 16:31:50',63),('P0000000977','M0000000004','C0000000976','4','EN ESPERA','2023-06-14 16:31:50',54),('P0000000978','M0000000005','C0000000977','3','EN ESPERA','2023-06-14 16:31:50',90),('P0000000979','M0000000006','C0000000978','4','EN ESPERA','2023-06-14 16:31:50',81),('P0000000980','M0000000007','C0000000979','3','EN ESPERA','2023-06-14 16:31:50',NULL),('P0000000981','M0000000008','C0000000980','4','EN ESPERA','2023-06-14 16:31:50',NULL),('P0000000982','M0000000009','C0000000981','3','EN ESPERA','2023-06-14 16:31:51',36),('P0000000983','M0000000001','C0000000982','4','EN ESPERA','2023-06-14 16:31:51',18),('P0000000984','M0000000002','C0000000983','3','EN ESPERA','2023-06-14 16:31:51',90),('P0000000985','M0000000003','C0000000984','4','EN ESPERA','2023-06-14 16:31:51',27),('P0000000986','M0000000004','C0000000985','3','EN ESPERA','2023-06-14 16:31:51',36),('P0000000987','M0000000005','C0000000986','4','EN ESPERA','2023-06-14 16:31:52',9),('P0000000988','M0000000006','C0000000987','3','EN ESPERA','2023-06-14 16:31:52',18),('P0000000989','M0000000007','C0000000988','4','EN ESPERA','2023-06-14 16:31:52',NULL),('P0000000990','M0000000008','C0000000989','3','EN ESPERA','2023-06-14 16:31:52',NULL),('P0000000991','M0000000009','C0000000990','4','EN ESPERA','2023-06-14 16:31:53',63),('P0000000992','M0000000001','C0000000991','3','EN ESPERA','2023-06-14 16:31:53',9),('P0000000993','M0000000002','C0000000992','4','EN ESPERA','2023-06-14 16:31:53',45),('P0000000994','M0000000003','C0000000993','3','EN ESPERA','2023-06-14 16:31:53',36),('P0000000995','M0000000004','C0000000994','4','EN ESPERA','2023-06-14 16:31:53',45),('P0000000996','M0000000005','C0000000995','3','EN ESPERA','2023-06-14 16:31:53',72),('P0000000997','M0000000006','C0000000996','4','EN ESPERA','2023-06-14 16:31:54',72),('P0000000998','M0000000007','C0000000997','3','EN ESPERA','2023-06-14 16:31:54',NULL),('P0000000999','M0000000008','C0000000998','4','EN ESPERA','2023-06-14 16:31:54',NULL),('P0000001000','M0000000009','C0000000999','3','EN ESPERA','2023-06-14 16:31:54',90),('P0000001001','M0000000001','C0000001000','4','EN ESPERA','2023-06-14 16:31:54',NULL),('P0000001002','M0000000005','C0000001004','2','EN ESPERA','2023-06-14 16:41:48',126),('P0000001003','M0000000001','C0000000002','2','EN ESPERA','2023-06-16 01:31:45',0),('P0000001004','M0000000003','C0000001007','2','EN ESPERA','2023-06-16 01:35:23',0),('P0000001005','M0000000001','C0000001008','2','EN ESPERA','2023-06-16 12:55:12',0),('P0000001006','M0000000009','C0000001009','2','EN ESPERA','2023-06-16 16:04:47',0),('P0000001007','M0000000004','C0000001010','2','EN ESPERA','2023-06-16 17:27:26',36),('P0000001008','M0000000003','C0000001011','2','EN ESPERA','2023-06-16 17:34:32',27),('P0000001009','M0000000002','C0000000001','2','EN ESPERA','2023-06-18 23:39:39',0);
/*!40000 ALTER TABLE `Pedido` ENABLE KEYS */;
UNLOCK TABLES;
/*!50003 SET @saved_cs_client      = @@character_set_client */ ;
/*!50003 SET @saved_cs_results     = @@character_set_results */ ;
/*!50003 SET @saved_col_connection = @@collation_connection */ ;
/*!50003 SET character_set_client  = utf8mb4 */ ;
/*!50003 SET character_set_results = utf8mb4 */ ;
/*!50003 SET collation_connection  = utf8mb4_0900_ai_ci */ ;
/*!50003 SET @saved_sql_mode       = @@sql_mode */ ;
/*!50003 SET sql_mode              = 'NO_ENGINE_SUBSTITUTION' */ ;
DELIMITER ;;
/*!50003 CREATE*/ /*!50017 DEFINER=`daisl07_dsiproyecto03`@`%`*/ /*!50003 TRIGGER `nuevo_pedido_trigger` BEFORE INSERT ON `Pedido` FOR EACH ROW BEGIN
    SET NEW.Estado = 'EN ESPERA';
END */;;
DELIMITER ;
/*!50003 SET sql_mode              = @saved_sql_mode */ ;
/*!50003 SET character_set_client  = @saved_cs_client */ ;
/*!50003 SET character_set_results = @saved_cs_results */ ;
/*!50003 SET collation_connection  = @saved_col_connection */ ;
/*!50003 SET @saved_cs_client      = @@character_set_client */ ;
/*!50003 SET @saved_cs_results     = @@character_set_results */ ;
/*!50003 SET @saved_col_connection = @@collation_connection */ ;
/*!50003 SET character_set_client  = utf8mb4 */ ;
/*!50003 SET character_set_results = utf8mb4 */ ;
/*!50003 SET collation_connection  = utf8mb4_0900_ai_ci */ ;
/*!50003 SET @saved_sql_mode       = @@sql_mode */ ;
/*!50003 SET sql_mode              = 'NO_ENGINE_SUBSTITUTION' */ ;
DELIMITER ;;
/*!50003 CREATE*/ /*!50017 DEFINER=`daisl07_dsiproyecto03`@`%`*/ /*!50003 TRIGGER `actualizar_fecha_trigger` BEFORE INSERT ON `Pedido` FOR EACH ROW BEGIN
    SET NEW.FechaHora = NOW();
END */;;
DELIMITER ;
/*!50003 SET sql_mode              = @saved_sql_mode */ ;
/*!50003 SET character_set_client  = @saved_cs_client */ ;
/*!50003 SET character_set_results = @saved_cs_results */ ;
/*!50003 SET collation_connection  = @saved_col_connection */ ;
/*!50003 SET @saved_cs_client      = @@character_set_client */ ;
/*!50003 SET @saved_cs_results     = @@character_set_results */ ;
/*!50003 SET @saved_col_connection = @@collation_connection */ ;
/*!50003 SET character_set_client  = utf8mb4 */ ;
/*!50003 SET character_set_results = utf8mb4 */ ;
/*!50003 SET collation_connection  = utf8mb4_0900_ai_ci */ ;
/*!50003 SET @saved_sql_mode       = @@sql_mode */ ;
/*!50003 SET sql_mode              = 'NO_ENGINE_SUBSTITUTION' */ ;
DELIMITER ;;
/*!50003 CREATE*/ /*!50017 DEFINER=`daisl07_dsiproyecto03`@`%`*/ /*!50003 TRIGGER `generar_IdPedido` BEFORE INSERT ON `Pedido` FOR EACH ROW BEGIN
    DECLARE maxId INT;
    SET maxId = (SELECT MAX(CAST(SUBSTRING(IdPedido, 2) AS UNSIGNED)) FROM Pedido);
    SET NEW.IdPedido = CONCAT('P', LPAD(maxId + 1, 10, '0'));
END */;;
DELIMITER ;
/*!50003 SET sql_mode              = @saved_sql_mode */ ;
/*!50003 SET character_set_client  = @saved_cs_client */ ;
/*!50003 SET character_set_results = @saved_cs_results */ ;
/*!50003 SET collation_connection  = @saved_col_connection */ ;
/*!50003 SET @saved_cs_client      = @@character_set_client */ ;
/*!50003 SET @saved_cs_results     = @@character_set_results */ ;
/*!50003 SET @saved_col_connection = @@collation_connection */ ;
/*!50003 SET character_set_client  = utf8mb4 */ ;
/*!50003 SET character_set_results = utf8mb4 */ ;
/*!50003 SET collation_connection  = utf8mb4_0900_ai_ci */ ;
/*!50003 SET @saved_sql_mode       = @@sql_mode */ ;
/*!50003 SET sql_mode              = 'NO_ENGINE_SUBSTITUTION' */ ;
DELIMITER ;;
/*!50003 CREATE*/ /*!50017 DEFINER=`daisl07_dsiproyecto03`@`%`*/ /*!50003 TRIGGER `trg_update_pedido` AFTER UPDATE ON `Pedido` FOR EACH ROW BEGIN
    INSERT INTO auditoria (accion, idfila, dato_anterior, dato_actual, hora)
    VALUES ('Actualizacin', OLD.IdPedido, CONCAT('IdMesa:', OLD.IdMesa, ', IdCliente:', OLD.IdCliente, ', IdUsuario:', OLD.IdUsuario, ', Estado:', OLD.Estado, ', FechaHora:', OLD.FechaHora, ', TotalVenta:', OLD.TotalVenta), CONCAT('IdMesa:', NEW.IdMesa, ', IdCliente:', NEW.IdCliente, ', IdUsuario:', NEW.IdUsuario, ', Estado:', NEW.Estado, ', FechaHora:', NEW.FechaHora, ', TotalVenta:', NEW.TotalVenta), NOW());
END */;;
DELIMITER ;
/*!50003 SET sql_mode              = @saved_sql_mode */ ;
/*!50003 SET character_set_client  = @saved_cs_client */ ;
/*!50003 SET character_set_results = @saved_cs_results */ ;
/*!50003 SET collation_connection  = @saved_col_connection */ ;

--
-- Table structure for table `Usuario`
--

DROP TABLE IF EXISTS `Usuario`;
/*!40101 SET @saved_cs_client     = @@character_set_client */;
/*!50503 SET character_set_client = utf8mb4 */;
CREATE TABLE `Usuario` (
  `IdUsuario` varchar(11) NOT NULL,
  `Nombre` varchar(50) DEFAULT NULL,
  `TipoDocumento` varchar(20) DEFAULT NULL,
  `NumDocumento` varchar(15) DEFAULT NULL,
  `Direccion` varchar(50) DEFAULT NULL,
  `Telefono` varchar(10) DEFAULT NULL,
  `Email` varchar(20) DEFAULT NULL,
  `Cargo` varchar(20) DEFAULT NULL,
  `Login` varchar(50) DEFAULT NULL,
  `Clave` varchar(50) DEFAULT NULL,
  `Imagen` varchar(50) DEFAULT NULL,
  PRIMARY KEY (`IdUsuario`)
) ENGINE=InnoDB DEFAULT CHARSET=utf8mb4 COLLATE=utf8mb4_0900_ai_ci;
/*!40101 SET character_set_client = @saved_cs_client */;

--
-- Dumping data for table `Usuario`
--

LOCK TABLES `Usuario` WRITE;
/*!40000 ALTER TABLE `Usuario` DISABLE KEYS */;
INSERT INTO `Usuario` VALUES ('1','Gerente','DNI','12345678','Calle Principal 123','123456789','gerente@bdtaco.com','Gerente','gerente123','claveGerente','imagen1.jpg'),('2','Taquero','Cdula','987654321','Avenida Central 456','987654321','taquero@bdtaco.com','Taquero','taquero123','claveTaquero','imagen2.jpg'),('3','Mesero 1','Cdula','456789123','Calle Secundaria 789','456789123','mesero1@bdtaco.com','Mesero','mesero1','claveMesero1','san.png'),('4','Mesero 2','Cdula','789123456','Avenida Principal 789','789123456','mesero2@bdtaco.com','Mesero','mesero2','claveMesero2','imagen4.jpg'),('5','Cajero','DNI','65432198','Avenida Central 987','654321987','cajero@bdtaco.com','Cajero','cajero123','claveCajero','imagen5.jpg');
/*!40000 ALTER TABLE `Usuario` ENABLE KEYS */;
UNLOCK TABLES;
/*!50003 SET @saved_cs_client      = @@character_set_client */ ;
/*!50003 SET @saved_cs_results     = @@character_set_results */ ;
/*!50003 SET @saved_col_connection = @@collation_connection */ ;
/*!50003 SET character_set_client  = utf8mb4 */ ;
/*!50003 SET character_set_results = utf8mb4 */ ;
/*!50003 SET collation_connection  = utf8mb4_0900_ai_ci */ ;
/*!50003 SET @saved_sql_mode       = @@sql_mode */ ;
/*!50003 SET sql_mode              = 'NO_ENGINE_SUBSTITUTION' */ ;
DELIMITER ;;
/*!50003 CREATE*/ /*!50017 DEFINER=`daisl07_dsiproyecto03`@`%`*/ /*!50003 TRIGGER `generar_IdUsuario` BEFORE INSERT ON `Usuario` FOR EACH ROW BEGIN
    DECLARE maxId INT;
    SET maxId = (SELECT MAX(CAST(SUBSTRING(IdUsuario, 2) AS UNSIGNED)) FROM Usuario);
    SET NEW.IdUsuario = CONCAT('U', LPAD(maxId + 1, 10, '0'));
END */;;
DELIMITER ;
/*!50003 SET sql_mode              = @saved_sql_mode */ ;
/*!50003 SET character_set_client  = @saved_cs_client */ ;
/*!50003 SET character_set_results = @saved_cs_results */ ;
/*!50003 SET collation_connection  = @saved_col_connection */ ;

--
-- Table structure for table `auditoria`
--

DROP TABLE IF EXISTS `auditoria`;
/*!40101 SET @saved_cs_client     = @@character_set_client */;
/*!50503 SET character_set_client = utf8mb4 */;
CREATE TABLE `auditoria` (
  `idauditoria` int NOT NULL AUTO_INCREMENT,
  `accion` varchar(255) DEFAULT NULL,
  `idfila` varchar(11) DEFAULT NULL,
  `dato_anterior` varchar(110) DEFAULT NULL,
  `dato_actual` varchar(110) DEFAULT NULL,
  `hora` datetime DEFAULT NULL,
  PRIMARY KEY (`idauditoria`)
) ENGINE=InnoDB AUTO_INCREMENT=8 DEFAULT CHARSET=utf8mb4 COLLATE=utf8mb4_0900_ai_ci;
/*!40101 SET character_set_client = @saved_cs_client */;

--
-- Dumping data for table `auditoria`
--

LOCK TABLES `auditoria` WRITE;
/*!40000 ALTER TABLE `auditoria` DISABLE KEYS */;
INSERT INTO `auditoria` VALUES (1,'Actualizacin','P0000000007','IdMesa:M0000000007, IdCliente:C0000000007, IdUsuario:4, Estado:EN ESPERA, FechaHora:2023-06-14 16:06:30, Total','IdMesa:M0000000007, IdCliente:C0000000007, IdUsuario:4, Estado:EN ESPERA, FechaHora:2023-06-14 16:06:30, Total','2023-06-16 16:25:24'),(2,'Actualizacin','P0000000007','IdMesa:M0000000007, IdCliente:C0000000007, IdUsuario:4, Estado:EN ESPERA, FechaHora:2023-06-14 16:06:30, Total','IdMesa:M0000000007, IdCliente:C0000000007, IdUsuario:4, Estado:EN ESPERA, FechaHora:2023-06-14 16:06:30, Total','2023-06-16 16:35:26'),(3,'Actualizacin','P0000000001','IdMesa:M0000000001, IdCliente:C0000000001, IdUsuario:3, Estado:EN ESPERA, FechaHora:2023-06-14 15:18:29, Total','IdMesa:M0000000001, IdCliente:C0000000001, IdUsuario:3, Estado:EN ESPERA, FechaHora:2023-06-14 15:18:29, Total','2023-06-16 16:39:13'),(4,'Actualizacin','P0000001007','IdMesa:M0000000004, IdCliente:C0000001010, IdUsuario:2, Estado:EN ESPERA, FechaHora:2023-06-16 17:27:26, Total','IdMesa:M0000000004, IdCliente:C0000001010, IdUsuario:2, Estado:EN ESPERA, FechaHora:2023-06-16 17:27:26, Total','2023-06-16 17:29:58'),(5,'Actualizacin','P0000001007','IdMesa:M0000000004, IdCliente:C0000001010, IdUsuario:2, Estado:EN ESPERA, FechaHora:2023-06-16 17:27:26, Total','IdMesa:M0000000004, IdCliente:C0000001010, IdUsuario:2, Estado:EN ESPERA, FechaHora:2023-06-16 17:27:26, Total','2023-06-16 17:30:09'),(6,'Actualizacin','P0000001008','IdMesa:M0000000003, IdCliente:C0000001011, IdUsuario:2, Estado:EN ESPERA, FechaHora:2023-06-16 17:34:32, Total','IdMesa:M0000000003, IdCliente:C0000001011, IdUsuario:2, Estado:EN ESPERA, FechaHora:2023-06-16 17:34:32, Total','2023-06-16 17:35:04'),(7,'Actualizacin','P0000001008','IdMesa:M0000000003, IdCliente:C0000001011, IdUsuario:2, Estado:EN ESPERA, FechaHora:2023-06-16 17:34:32, Total','IdMesa:M0000000003, IdCliente:C0000001011, IdUsuario:2, Estado:EN ESPERA, FechaHora:2023-06-16 17:34:32, Total','2023-06-16 17:35:09');
/*!40000 ALTER TABLE `auditoria` ENABLE KEYS */;
UNLOCK TABLES;

--
-- Dumping events for database 'daisl07_dsiproyecto03'
--

--
-- Dumping routines for database 'daisl07_dsiproyecto03'
--
/*!40103 SET TIME_ZONE=@OLD_TIME_ZONE */;

/*!40101 SET SQL_MODE=@OLD_SQL_MODE */;
/*!40014 SET FOREIGN_KEY_CHECKS=@OLD_FOREIGN_KEY_CHECKS */;
/*!40014 SET UNIQUE_CHECKS=@OLD_UNIQUE_CHECKS */;
/*!40101 SET CHARACTER_SET_CLIENT=@OLD_CHARACTER_SET_CLIENT */;
/*!40101 SET CHARACTER_SET_RESULTS=@OLD_CHARACTER_SET_RESULTS */;
/*!40101 SET COLLATION_CONNECTION=@OLD_COLLATION_CONNECTION */;
/*!40111 SET SQL_NOTES=@OLD_SQL_NOTES */;

-- Dump completed on 2023-06-18 22:46:37
